ProductID,Name,ProductNumber,MakeFlag,FinishedGoodsFlag,Color,SafetyStockLevel,ReorderPoint,StandardCost,ListPrice,Size,SizeUnitMeasureCode,WeightUnitMeasureCode,Weight,DaysToManufacture,ProductLine,Class,Style,ProductSubcategoryID,ProductModelID,SellStartDate,SellEndDate,DiscontinuedDate,rowguid,ModifiedDate,ProductCategoryID
1,"Adjustable Race","AR-5381",0,0,,1000,750,0.0000,0.0000,,,,,0,,,,,,"04/30/18 00:00:00",,,"{694215B7-08F7-4C0D-ACB1D734BA44C0C8}","02/08/24 10:01:37",
2,"Bearing Ball","BA-8327",0,0,,1000,750,0.0000,0.0000,,,,,0,,,,,,"04/30/18 00:00:00",,,"{58AE3C20-4F3A-4749-A7D4D568806CC537}","02/08/24 10:01:37",
3,"BB Ball Bearing","BE-2349",-1,0,,800,600,0.0000,0.0000,,,,,1,,,,,,"04/30/18 00:00:00",,,"{9C21AED2-5BFA-4F18-BCB8F11638DC2E4E}","02/08/24 10:01:37",
4,"Headset Ball Bearings","BE-2908",0,0,,800,600,0.0000,0.0000,,,,,0,,,,,,"04/30/18 00:00:00",,,"{ECFED6CB-51FF-49B5-B06C7D8AC834DB8B}","02/08/24 10:01:37",
316,"Blade","BL-2036",-1,0,,800,600,0.0000,0.0000,,,,,1,,,,,,"04/30/18 00:00:00",,,"{E73E9750-603B-4131-89F53DD15ED5FF80}","02/08/24 10:01:37",
317,"LL Crankarm","CA-5965",0,0,"Black",500,375,0.0000,0.0000,,,,,0,,"L ",,,,"04/30/18 00:00:00",,,"{3C9D10B7-A6B2-4774-9963C19DCEE72FEA}","02/08/24 10:01:37",
318,"ML Crankarm","CA-6738",0,0,"Black",500,375,0.0000,0.0000,,,,,0,,"M ",,,,"04/30/18 00:00:00",,,"{EABB9A92-FA07-4EAB-8955F0517B4A4CA7}","02/08/24 10:01:37",
319,"HL Crankarm","CA-7457",0,0,"Black",500,375,0.0000,0.0000,,,,,0,,,,,,"04/30/18 00:00:00",,,"{7D3FD384-4F29-484B-86FA4206E276FE58}","02/08/24 10:01:37",
320,"Chainring Bolts","CB-2903",0,0,"Silver",1000,750,0.0000,0.0000,,,,,0,,,,,,"04/30/18 00:00:00",,,"{7BE38E48-B7D6-4486-888EF53C26735101}","02/08/24 10:01:37",
321,"Chainring Nut","CN-6137",0,0,"Silver",1000,750,0.0000,0.0000,,,,,0,,,,,,"04/30/18 00:00:00",,,"{3314B1D7-EF69-4431-B6DDDC75268BD5DF}","02/08/24 10:01:37",
322,"Chainring","CR-7833",0,0,"Black",1000,750,0.0000,0.0000,,,,,0,,,,,,"04/30/18 00:00:00",,,"{F0AC2C4D-1A1F-4E3C-B4D968AEA0EC1CE4}","02/08/24 10:01:37",
323,"Crown Race","CR-9981",0,0,,1000,750,0.0000,0.0000,,,,,0,,,,,,"04/30/18 00:00:00",,,"{51A32CA6-65A1-4C31-AF2BD9E4F5D631D4}","02/08/24 10:01:37",
324,"Chain Stays","CS-2812",-1,0,,1000,750,0.0000,0.0000,,,,,1,,,,,,"04/30/18 00:00:00",,,"{FE0678ED-AEF2-4C58-A4508151CC24DDD8}","02/08/24 10:01:37",
325,"Decal 1","DC-8732",0,0,,1000,750,0.0000,0.0000,,,,,0,,,,,,"04/30/18 00:00:00",,,"{05CE123C-A402-478E-AE9B75D7727AEAAD}","02/08/24 10:01:37",
326,"Decal 2","DC-9824",0,0,,1000,750,0.0000,0.0000,,,,,0,,,,,,"04/30/18 00:00:00",,,"{A56851F9-1CD7-4E2F-87792E773E1B5209}","02/08/24 10:01:37",
327,"Down Tube","DT-2377",-1,0,,800,600,0.0000,0.0000,,,,,1,,,,,,"04/30/18 00:00:00",,,"{1DAD47DD-E259-42B8-B8B415A0B7D21B2F}","02/08/24 10:01:37",
328,"Mountain End Caps","EC-M092",-1,0,,1000,750,0.0000,0.0000,,,,,1,,,,,,"04/30/18 00:00:00",,,"{6070B1EA-59B7-4F8B-950F2BE07D00449D}","02/08/24 10:01:37",
329,"Road End Caps","EC-R098",-1,0,,1000,750,0.0000,0.0000,,,,,1,,,,,,"04/30/18 00:00:00",,,"{88399D13-719E-4545-81D6F0650F372FA2}","02/08/24 10:01:37",
330,"Touring End Caps","EC-T209",-1,0,,1000,750,0.0000,0.0000,,,,,1,,,,,,"04/30/18 00:00:00",,,"{6903CE24-D0CE-4191-91984231DE37A929}","02/08/24 10:01:37",
331,"Fork End","FE-3760",-1,0,,800,600,0.0000,0.0000,,,,,1,,,,,,"04/30/18 00:00:00",,,"{C91D602E-DA52-43D2-BD7EEB110A9392B9}","02/08/24 10:01:37",
332,"Freewheel","FH-2981",0,0,"Silver",500,375,0.0000,0.0000,,,,,0,,,,,,"04/30/18 00:00:00",,,"{D864879A-E8B1-4F7B-BAFA1F136089C2C8}","02/08/24 10:01:37",
341,"Flat Washer 1","FW-1000",0,0,,1000,750,0.0000,0.0000,,,,,0,,,,,,"04/30/18 00:00:00",,,"{A3F2FA3A-22E1-43D8-A131A9B89C32D8EA}","02/08/24 10:01:37",
342,"Flat Washer 6","FW-1200",0,0,,1000,750,0.0000,0.0000,,,,,0,,,,,,"04/30/18 00:00:00",,,"{331ADDEC-E9B9-4A7E-932442069C2DCDC4}","02/08/24 10:01:37",
343,"Flat Washer 2","FW-1400",0,0,,1000,750,0.0000,0.0000,,,,,0,,,,,,"04/30/18 00:00:00",,,"{84A3473E-AE26-4A21-81B960BB418A79B2}","02/08/24 10:01:37",
344,"Flat Washer 9","FW-3400",0,0,,1000,750,0.0000,0.0000,,,,,0,,,,,,"04/30/18 00:00:00",,,"{0AE4CE60-5242-48F5-ADA13013FF45F969}","02/08/24 10:01:37",
345,"Flat Washer 4","FW-3800",0,0,,1000,750,0.0000,0.0000,,,,,0,,,,,,"04/30/18 00:00:00",,,"{2C1C58B4-234C-4B3A-8C8E84524AC05EEA}","02/08/24 10:01:37",
346,"Flat Washer 3","FW-5160",0,0,,1000,750,0.0000,0.0000,,,,,0,,,,,,"04/30/18 00:00:00",,,"{590C2C3F-A8B6-42B5-9412D655E37F0EAE}","02/08/24 10:01:37",
347,"Flat Washer 8","FW-5800",0,0,,1000,750,0.0000,0.0000,,,,,0,,,,,,"04/30/18 00:00:00",,,"{1B73F5FE-AB85-49FC-99AD0500CEBDA91D}","02/08/24 10:01:37",
348,"Flat Washer 5","FW-7160",0,0,,1000,750,0.0000,0.0000,,,,,0,,,,,,"04/30/18 00:00:00",,,"{D182CF18-4DDF-429B-A0DFDE1CFC92622D}","02/08/24 10:01:37",
349,"Flat Washer 7","FW-9160",0,0,,1000,750,0.0000,0.0000,,,,,0,,,,,,"04/30/18 00:00:00",,,"{7E55F64D-EA3C-45FF-BE72F7F7B9D61A79}","02/08/24 10:01:37",
350,"Fork Crown","FC-3654",-1,0,,800,600,0.0000,0.0000,,,,,1,,,,,,"04/30/18 00:00:00",,,"{1CBFA85B-5C9B-4B58-9C1795238215D926}","02/08/24 10:01:37",
351,"Front Derailleur Cage","FC-3982",0,0,"Silver",800,600,0.0000,0.0000,,,,,0,,,,,,"04/30/18 00:00:00",,,"{01C901E3-4323-48ED-AB9E9BFDA28BDEF6}","02/08/24 10:01:37",
352,"Front Derailleur Linkage","FL-2301",0,0,"Silver",800,600,0.0000,0.0000,,,,,0,,,,,,"04/30/18 00:00:00",,,"{88ED2E08-E775-4915-B506831600B773FD}","02/08/24 10:01:37",
355,"Guide Pulley","GP-0982",0,0,,800,600,0.0000,0.0000,,,,,0,,,,,,"04/30/18 00:00:00",,,"{6A89205B-90C3-4997-8C63BC6A5EBC752D}","02/08/24 10:01:37",
356,"LL Grip Tape","GT-0820",0,0,,800,600,0.0000,0.0000,,,,,0,,"L ",,,,"04/30/18 00:00:00",,,"{32C82181-1969-4660-AE04A02D51994EC1}","02/08/24 10:01:37",
357,"ML Grip Tape","GT-1209",0,0,,800,600,0.0000,0.0000,,,,,0,,"M ",,,,"04/30/18 00:00:00",,,"{09343E22-2494-4279-9F325D961A0FBFEA}","02/08/24 10:01:37",
358,"HL Grip Tape","GT-2908",0,0,,800,600,0.0000,0.0000,,,,,0,,,,,,"04/30/18 00:00:00",,,"{8E5B2BF7-81DD-4454-B75ED9AE2A6FBD26}","02/08/24 10:01:37",
359,"Thin-Jam Hex Nut 9","HJ-1213",0,0,,1000,750,0.0000,0.0000,,,,,0,,,,,,"04/30/18 00:00:00",,,"{A63AFF3C-4143-4016-BC99D3F80EC1ADE5}","02/08/24 10:01:37",
360,"Thin-Jam Hex Nut 10","HJ-1220",0,0,,1000,750,0.0000,0.0000,,,,,0,,,,,,"04/30/18 00:00:00",,,"{A1AE0C6D-92A5-4FDA-B33B1301E83EFE5B}","02/08/24 10:01:37",
361,"Thin-Jam Hex Nut 1","HJ-1420",0,0,,1000,750,0.0000,0.0000,,,,,0,,,,,,"04/30/18 00:00:00",,,"{E33E8C4C-282A-4D1F-91E7E9969CF7134F}","02/08/24 10:01:37",
362,"Thin-Jam Hex Nut 2","HJ-1428",0,0,,1000,750,0.0000,0.0000,,,,,0,,,,,,"04/30/18 00:00:00",,,"{A992684F-4642-4856-A8172C0740AE8C55}","02/08/24 10:01:37",
363,"Thin-Jam Hex Nut 15","HJ-3410",0,0,,1000,750,0.0000,0.0000,,,,,0,,,,,,"04/30/18 00:00:00",,,"{B9D9A30D-CB07-422D-A312F0535575337E}","02/08/24 10:01:37",
364,"Thin-Jam Hex Nut 16","HJ-3416",0,0,,1000,750,0.0000,0.0000,,,,,0,,,,,,"04/30/18 00:00:00",,,"{0EC8F653-24C9-41B6-86F539C1789DB580}","02/08/24 10:01:37",
365,"Thin-Jam Hex Nut 5","HJ-3816",0,0,,1000,750,0.0000,0.0000,,,,,0,,,,,,"04/30/18 00:00:00",,,"{94506C9D-5991-46A7-82EA00E05D8D9B9C}","02/08/24 10:01:37",
366,"Thin-Jam Hex Nut 6","HJ-3824",0,0,,1000,750,0.0000,0.0000,,,,,0,,,,,,"04/30/18 00:00:00",,,"{71E984C6-1D11-4CF2-BAEE6C8DF494BDAD}","02/08/24 10:01:37",
367,"Thin-Jam Hex Nut 3","HJ-5161",0,0,,1000,750,0.0000,0.0000,,,,,0,,,,,,"04/30/18 00:00:00",,,"{EFC09CDB-ECD5-4DB5-9E27277DDA6D7F50}","02/08/24 10:01:37",
368,"Thin-Jam Hex Nut 4","HJ-5162",0,0,,1000,750,0.0000,0.0000,,,,,0,,,,,,"04/30/18 00:00:00",,,"{0A0C93AA-D06C-48AA-99EB20F2C8A6D6C4}","02/08/24 10:01:37",
369,"Thin-Jam Hex Nut 13","HJ-5811",0,0,,1000,750,0.0000,0.0000,,,,,0,,,,,,"04/30/18 00:00:00",,,"{A2728648-9517-4DEC-8606D7D98ECD1E91}","02/08/24 10:01:37",
370,"Thin-Jam Hex Nut 14","HJ-5818",0,0,,1000,750,0.0000,0.0000,,,,,0,,,,,,"04/30/18 00:00:00",,,"{0A7AD37C-3696-4844-86339FDDCD5FCEFC}","02/08/24 10:01:37",
371,"Thin-Jam Hex Nut 7","HJ-7161",0,0,,1000,750,0.0000,0.0000,,,,,0,,,,,,"04/30/18 00:00:00",,,"{ACBB1DE1-680C-4034-A8C53C6B01E57AA7}","02/08/24 10:01:37",
372,"Thin-Jam Hex Nut 8","HJ-7162",0,0,,1000,750,0.0000,0.0000,,,,,0,,,,,,"04/30/18 00:00:00",,,"{A0DA8F8F-45FB-4E62-AB14AA229087DE1E}","02/08/24 10:01:37",
373,"Thin-Jam Hex Nut 12","HJ-9080",0,0,,1000,750,0.0000,0.0000,,,,,0,,,,,,"04/30/18 00:00:00",,,"{DB99CBCD-F18D-4979-8DCF1012F3B1CB15}","02/08/24 10:01:37",
374,"Thin-Jam Hex Nut 11","HJ-9161",0,0,,1000,750,0.0000,0.0000,,,,,0,,,,,,"04/30/18 00:00:00",,,"{EC2E54F5-9D07-4C26-B96940F835395BE3}","02/08/24 10:01:37",
375,"Hex Nut 5","HN-1024",0,0,,1000,750,0.0000,0.0000,,,,,0,,,,,,"04/30/18 00:00:00",,,"{F2F3A14C-DF15-4957-966D55E5FCAD1161}","02/08/24 10:01:37",
376,"Hex Nut 6","HN-1032",0,0,,1000,750,0.0000,0.0000,,,,,0,,,,,,"04/30/18 00:00:00",,,"{E73E44DD-F0B7-45D4-9066E49F1B1FE7D0}","02/08/24 10:01:37",
377,"Hex Nut 16","HN-1213",0,0,,1000,750,0.0000,0.0000,,,,,0,,,,,,"04/30/18 00:00:00",,,"{2B2A5641-BFFE-4079-B9F08BF355BC3996}","02/08/24 10:01:37",
378,"Hex Nut 17","HN-1220",0,0,,1000,750,0.0000,0.0000,,,,,0,,,,,,"04/30/18 00:00:00",,,"{F70BBECD-5BE7-4EE9-A9E715786E622BA9}","02/08/24 10:01:37",
379,"Hex Nut 7","HN-1224",0,0,,1000,750,0.0000,0.0000,,,,,0,,,,,,"04/30/18 00:00:00",,,"{BA3631D1-33D6-4A2F-8413758BFDA6F9C2}","02/08/24 10:01:37",
380,"Hex Nut 8","HN-1420",0,0,,1000,750,0.0000,0.0000,,,,,0,,,,,,"04/30/18 00:00:00",,,"{B478B33A-1FD5-4DB6-B99AEB3B2A7C1623}","02/08/24 10:01:37",
381,"Hex Nut 9","HN-1428",0,0,,1000,750,0.0000,0.0000,,,,,0,,,,,,"04/30/18 00:00:00",,,"{DA46D979-59DF-456D-B5AEE7E89FC589DF}","02/08/24 10:01:37",
382,"Hex Nut 22","HN-3410",0,0,,1000,750,0.0000,0.0000,,,,,0,,,,,,"04/30/18 00:00:00",,,"{2F457404-197D-4DDF-9868A3AAD1B32D6B}","02/08/24 10:01:37",
383,"Hex Nut 23","HN-3416",0,0,,1000,750,0.0000,0.0000,,,,,0,,,,,,"04/30/18 00:00:00",,,"{5F02449E-96E5-4FC8-ADE08A9A7F533624}","02/08/24 10:01:37",
384,"Hex Nut 12","HN-3816",0,0,,1000,750,0.0000,0.0000,,,,,0,,,,,,"04/30/18 00:00:00",,,"{32C97696-7C3D-4793-A54B3D73200BADBC}","02/08/24 10:01:37",
385,"Hex Nut 13","HN-3824",0,0,,1000,750,0.0000,0.0000,,,,,0,,,,,,"04/30/18 00:00:00",,,"{8F0902D0-274D-4A4B-8FDEE37F53B2AB29}","02/08/24 10:01:37",
386,"Hex Nut 1","HN-4402",0,0,,1000,750,0.0000,0.0000,,,,,0,,,,,,"04/30/18 00:00:00",,,"{57456F8C-CB78-45EC-B9B821A9BE5C12F5}","02/08/24 10:01:37",
387,"Hex Nut 10","HN-5161",0,0,,1000,750,0.0000,0.0000,,,,,0,,,,,,"04/30/18 00:00:00",,,"{955811B4-2F17-48F0-A8B40C96CBA4AA6D}","02/08/24 10:01:37",
388,"Hex Nut 11","HN-5162",0,0,,1000,750,0.0000,0.0000,,,,,0,,,,,,"04/30/18 00:00:00",,,"{7D4BAD17-374F-4281-9AE549ABC3FE585D}","02/08/24 10:01:37",
389,"Hex Nut 2","HN-5400",0,0,,1000,750,0.0000,0.0000,,,,,0,,,,,,"04/30/18 00:00:00",,,"{17C4B7BA-8574-4EC7-BD3B7A51ABA61F69}","02/08/24 10:01:37",
390,"Hex Nut 20","HN-5811",0,0,,1000,750,0.0000,0.0000,,,,,0,,,,,,"04/30/18 00:00:00",,,"{B4E990B7-B3F7-4F97-8F98CE373833ADB4}","02/08/24 10:01:37",
391,"Hex Nut 21","HN-5818",0,0,,1000,750,0.0000,0.0000,,,,,0,,,,,,"04/30/18 00:00:00",,,"{433EE702-E028-4630-895C8CDBD0F1FD89}","02/08/24 10:01:37",
392,"Hex Nut 3","HN-6320",0,0,,1000,750,0.0000,0.0000,,,,,0,,,,,,"04/30/18 00:00:00",,,"{EE76FAE0-161E-409C-A6F5837B5B8B344D}","02/08/24 10:01:37",
393,"Hex Nut 14","HN-7161",0,0,,1000,750,0.0000,0.0000,,,,,0,,,,,,"04/30/18 00:00:00",,,"{EB10B88C-5351-4C06-AF51116BAA48A2C8}","02/08/24 10:01:37",
394,"Hex Nut 15","HN-7162",0,0,,1000,750,0.0000,0.0000,,,,,0,,,,,,"04/30/18 00:00:00",,,"{35E28755-E8F0-47BE-A8BEA20836DBE28D}","02/08/24 10:01:37",
395,"Hex Nut 4","HN-8320",0,0,,1000,750,0.0000,0.0000,,,,,0,,,,,,"04/30/18 00:00:00",,,"{69AB8D5E-6101-4203-81B1794E923782EA}","02/08/24 10:01:37",
396,"Hex Nut 18","HN-9161",0,0,,1000,750,0.0000,0.0000,,,,,0,,,,,,"04/30/18 00:00:00",,,"{39D42384-66F6-4CCD-B4710589FC3FC576}","02/08/24 10:01:37",
397,"Hex Nut 19","HN-9168",0,0,,1000,750,0.0000,0.0000,,,,,0,,,,,,"04/30/18 00:00:00",,,"{B63F827E-9055-4678-9E904FFD8D06D4D4}","02/08/24 10:01:37",
398,"Handlebar Tube","HT-2981",-1,0,,800,600,0.0000,0.0000,,,,,1,,,,,,"04/30/18 00:00:00",,,"{9F88C58E-5CFA-46C9-8994DA4F3FFE92ED}","02/08/24 10:01:37",
399,"Head Tube","HT-8019",-1,0,,800,600,0.0000,0.0000,,,,,1,,,,,,"04/30/18 00:00:00",,,"{B047C048-B4FB-4F80-94BCC5FC00A6F77F}","02/08/24 10:01:37",
400,"LL Hub","HU-6280",-1,0,,500,375,0.0000,0.0000,,,,,1,,"L ",,,,"04/30/18 00:00:00",,,"{AB332DDA-DDA5-44AD-8C5034FFACEFFA8E}","02/08/24 10:01:37",
401,"HL Hub","HU-8998",-1,0,,500,375,0.0000,0.0000,,,,,1,,,,,,"04/30/18 00:00:00",,,"{D59403A3-D19E-4803-BDA2B436A6416FDA}","02/08/24 10:01:37",
402,"Keyed Washer","KW-4091",0,0,,1000,750,0.0000,0.0000,,,,,0,,,,,,"04/30/18 00:00:00",,,"{43024784-2741-4CAB-A6DC8050CE507F2E}","02/08/24 10:01:37",
403,"External Lock Washer 3","LE-1000",0,0,,1000,750,0.0000,0.0000,,,,,0,,,,,,"04/30/18 00:00:00",,,"{763412F0-6D53-43E2-B371DCBED69F5E98}","02/08/24 10:01:37",
404,"External Lock Washer 4","LE-1200",0,0,,1000,750,0.0000,0.0000,,,,,0,,,,,,"04/30/18 00:00:00",,,"{89B6E84F-5C08-4CD9-B80301F2CE24E417}","02/08/24 10:01:37",
405,"External Lock Washer 9","LE-1201",0,0,,1000,750,0.0000,0.0000,,,,,0,,,,,,"04/30/18 00:00:00",,,"{3330A721-E8CB-4E67-8D27300DB68C2395}","02/08/24 10:01:37",
406,"External Lock Washer 5","LE-1400",0,0,,1000,750,0.0000,0.0000,,,,,0,,,,,,"04/30/18 00:00:00",,,"{39314098-768B-49F9-A777AF2E3BB06B17}","02/08/24 10:01:37",
407,"External Lock Washer 7","LE-3800",0,0,,1000,750,0.0000,0.0000,,,,,0,,,,,,"04/30/18 00:00:00",,,"{93F7BC73-BD22-45A0-9F2EA11932342E6B}","02/08/24 10:01:37",
408,"External Lock Washer 6","LE-5160",0,0,,1000,750,0.0000,0.0000,,,,,0,,,,,,"04/30/18 00:00:00",,,"{DC5F4CB0-A599-42CD-A96FE9F01BC1DACC}","02/08/24 10:01:37",
409,"External Lock Washer 1","LE-6000",0,0,,1000,750,0.0000,0.0000,,,,,0,,,,,,"04/30/18 00:00:00",,,"{802B7687-BC74-43F8-98AE2112166FACA7}","02/08/24 10:01:37",
410,"External Lock Washer 8","LE-7160",0,0,,1000,750,0.0000,0.0000,,,,,0,,,,,,"04/30/18 00:00:00",,,"{02C48826-21AD-41F3-85A6BC9A85A4DCE4}","02/08/24 10:01:37",
411,"External Lock Washer 2","LE-8000",0,0,,1000,750,0.0000,0.0000,,,,,0,,,,,,"04/30/18 00:00:00",,,"{502A2A3D-CD72-43AD-8FB677505187EDF4}","02/08/24 10:01:37",
412,"Internal Lock Washer 3","LI-1000",0,0,,1000,750,0.0000,0.0000,,,,,0,,,,,,"04/30/18 00:00:00",,,"{F1168C45-E4D2-4C37-ADADB76EAF402B71}","02/08/24 10:01:37",
413,"Internal Lock Washer 4","LI-1200",0,0,,1000,750,0.0000,0.0000,,,,,0,,,,,,"04/30/18 00:00:00",,,"{7F7413BB-BAD2-47E4-9BC4D98B194BE35D}","02/08/24 10:01:37",
414,"Internal Lock Washer 9","LI-1201",0,0,,1000,750,0.0000,0.0000,,,,,0,,,,,,"04/30/18 00:00:00",,,"{4F040109-8332-4FCF-808457E6D8C49283}","02/08/24 10:01:37",
415,"Internal Lock Washer 5","LI-1400",0,0,,1000,750,0.0000,0.0000,,,,,0,,,,,,"04/30/18 00:00:00",,,"{0C02F2CC-BDB4-4794-A4F90EB33F7545C2}","02/08/24 10:01:37",
416,"Internal Lock Washer 7","LI-3800",0,0,,1000,750,0.0000,0.0000,,,,,0,,,,,,"04/30/18 00:00:00",,,"{3C2AC5BC-3F49-4FA4-8340BC4CDA983F46}","02/08/24 10:01:37",
417,"Internal Lock Washer 6","LI-5160",0,0,,1000,750,0.0000,0.0000,,,,,0,,,,,,"04/30/18 00:00:00",,,"{7F175DFE-1669-4EE9-8EEB7B55FCE9961C}","02/08/24 10:01:37",
418,"Internal Lock Washer 10","LI-5800",0,0,,1000,750,0.0000,0.0000,,,,,0,,,,,,"04/30/18 00:00:00",,,"{C8323EEC-BDB2-4933-B3C624287638AD56}","02/08/24 10:01:37",
419,"Internal Lock Washer 1","LI-6000",0,0,,1000,750,0.0000,0.0000,,,,,0,,,,,,"04/30/18 00:00:00",,,"{71F8232D-2B59-41AC-99A1F5EA197671B5}","02/08/24 10:01:37",
420,"Internal Lock Washer 8","LI-7160",0,0,,1000,750,0.0000,0.0000,,,,,0,,,,,,"04/30/18 00:00:00",,,"{E2F03586-02E8-4CD9-A3421A8D65D393BD}","02/08/24 10:01:37",
421,"Internal Lock Washer 2","LI-8000",0,0,,1000,750,0.0000,0.0000,,,,,0,,,,,,"04/30/18 00:00:00",,,"{97741A88-92A1-4E72-B0AABCB198A1C378}","02/08/24 10:01:37",
422,"Thin-Jam Lock Nut 9","LJ-1213",0,0,,1000,750,0.0000,0.0000,,,,,0,,,,,,"04/30/18 00:00:00",,,"{7DA2613B-3347-4072-A1DC943ADA161D7F}","02/08/24 10:01:37",
423,"Thin-Jam Lock Nut 10","LJ-1220",0,0,,1000,750,0.0000,0.0000,,,,,0,,,,,,"04/30/18 00:00:00",,,"{A88F15BE-2719-4741-93A42D96EF3712EB}","02/08/24 10:01:37",
424,"Thin-Jam Lock Nut 1","LJ-1420",0,0,,1000,750,0.0000,0.0000,,,,,0,,,,,,"04/30/18 00:00:00",,,"{48461E5D-D58A-47E5-8BA3CE4430FCA611}","02/08/24 10:01:37",
425,"Thin-Jam Lock Nut 2","LJ-1428",0,0,,1000,750,0.0000,0.0000,,,,,0,,,,,,"04/30/18 00:00:00",,,"{36187EB6-AD84-47B7-A55E2941D3435FE2}","02/08/24 10:01:37",
426,"Thin-Jam Lock Nut 15","LJ-3410",0,0,,1000,750,0.0000,0.0000,,,,,0,,,,,,"04/30/18 00:00:00",,,"{99215648-AFE8-4556-BC80B6C62AE74FC8}","02/08/24 10:01:37",
427,"Thin-Jam Lock Nut 16","LJ-3416",0,0,,1000,750,0.0000,0.0000,,,,,0,,,,,,"04/30/18 00:00:00",,,"{B4FC4C32-049C-417F-BBB0F19CDFD64252}","02/08/24 10:01:37",
428,"Thin-Jam Lock Nut 5","LJ-3816",0,0,,1000,750,0.0000,0.0000,,,,,0,,,,,,"04/30/18 00:00:00",,,"{A57B7915-2E65-49DE-87BAACD007C55ADB}","02/08/24 10:01:37",
429,"Thin-Jam Lock Nut 6","LJ-3824",0,0,,1000,750,0.0000,0.0000,,,,,0,,,,,,"04/30/18 00:00:00",,,"{5ABD940C-D61F-4108-83120EA97E469613}","02/08/24 10:01:37",
430,"Thin-Jam Lock Nut 3","LJ-5161",0,0,,1000,750,0.0000,0.0000,,,,,0,,,,,,"04/30/18 00:00:00",,,"{9883496F-4785-4BFC-8AF3C357347B9F89}","02/08/24 10:01:37",
431,"Thin-Jam Lock Nut 4","LJ-5162",0,0,,1000,750,0.0000,0.0000,,,,,0,,,,,,"04/30/18 00:00:00",,,"{8C5EE683-D93C-4F25-945422FAA4C31365}","02/08/24 10:01:37",
432,"Thin-Jam Lock Nut 13","LJ-5811",0,0,,1000,750,0.0000,0.0000,,,,,0,,,,,,"04/30/18 00:00:00",,,"{38E4A447-3D3C-4087-ABAD97F006525B52}","02/08/24 10:01:37",
433,"Thin-Jam Lock Nut 14","LJ-5818",0,0,,1000,750,0.0000,0.0000,,,,,0,,,,,,"04/30/18 00:00:00",,,"{DCE24B6C-76D8-4934-A4F6C934364943EA}","02/08/24 10:01:37",
434,"Thin-Jam Lock Nut 7","LJ-7161",0,0,,1000,750,0.0000,0.0000,,,,,0,,,,,,"04/30/18 00:00:00",,,"{344AD07C-CCA5-4374-A3F38A7E0A1D9916}","02/08/24 10:01:37",
435,"Thin-Jam Lock Nut 8","LJ-7162",0,0,,1000,750,0.0000,0.0000,,,,,0,,,,,,"04/30/18 00:00:00",,,"{B2508CF2-C64F-493D-9DB40D6601AF1F73}","02/08/24 10:01:37",
436,"Thin-Jam Lock Nut 12","LJ-9080",0,0,,1000,750,0.0000,0.0000,,,,,0,,,,,,"04/30/18 00:00:00",,,"{5D3E589F-4584-406B-B9CC3C8C060CB9A5}","02/08/24 10:01:37",
437,"Thin-Jam Lock Nut 11","LJ-9161",0,0,,1000,750,0.0000,0.0000,,,,,0,,,,,,"04/30/18 00:00:00",,,"{64169A28-161C-4737-B724F42FFD99DE80}","02/08/24 10:01:37",
438,"Lock Nut 5","LN-1024",0,0,,1000,750,0.0000,0.0000,,,,,0,,,,,,"04/30/18 00:00:00",,,"{EB4C1D34-4816-4130-BB3007B4DE4072B6}","02/08/24 10:01:37",
439,"Lock Nut 6","LN-1032",0,0,,1000,750,0.0000,0.0000,,,,,0,,,,,,"04/30/18 00:00:00",,,"{98CCBB38-4683-486E-BBFECBBE4EA63C03}","02/08/24 10:01:37",
440,"Lock Nut 16","LN-1213",0,0,,1000,750,0.0000,0.0000,,,,,0,,,,,,"04/30/18 00:00:00",,,"{BBFD88F8-28C5-44EE-B62552E882393DFC}","02/08/24 10:01:37",
441,"Lock Nut 17","LN-1220",0,0,,1000,750,0.0000,0.0000,,,,,0,,,,,,"04/30/18 00:00:00",,,"{92DC4BA8-A052-45DF-83EC226F050F876B}","02/08/24 10:01:37",
442,"Lock Nut 7","LN-1224",0,0,,1000,750,0.0000,0.0000,,,,,0,,,,,,"04/30/18 00:00:00",,,"{D583D825-C707-4529-B6F2ABFFA21B81EC}","02/08/24 10:01:37",
443,"Lock Nut 8","LN-1420",0,0,,1000,750,0.0000,0.0000,,,,,0,,,,,,"04/30/18 00:00:00",,,"{E91C3DC2-C99B-4D01-81085DDE3C87830A}","02/08/24 10:01:37",
444,"Lock Nut 9","LN-1428",0,0,,1000,750,0.0000,0.0000,,,,,0,,,,,,"04/30/18 00:00:00",,,"{06534A20-4C00-4824-8BBAB4E3A5724D93}","02/08/24 10:01:37",
445,"Lock Nut 22","LN-3410",0,0,,1000,750,0.0000,0.0000,,,,,0,,,,,,"04/30/18 00:00:00",,,"{1E4FA4EC-367E-4D8D-88B46CD34D1CFB89}","02/08/24 10:01:37",
446,"Lock Nut 23","LN-3416",0,0,,1000,750,0.0000,0.0000,,,,,0,,,,,,"04/30/18 00:00:00",,,"{AFA814C8-8EC8-49DB-9FEEA291197A8FE9}","02/08/24 10:01:37",
447,"Lock Nut 12","LN-3816",0,0,,1000,750,0.0000,0.0000,,,,,0,,,,,,"04/30/18 00:00:00",,,"{9A751F85-7130-4562-9F22DB9CAB6E5BBC}","02/08/24 10:01:37",
448,"Lock Nut 13","LN-3824",0,0,,1000,750,0.0000,0.0000,,,,,0,,,,,,"04/30/18 00:00:00",,,"{06BE8347-45C1-4C40-AFCB6AB34AD135FB}","02/08/24 10:01:37",
449,"Lock Nut 1","LN-4400",0,0,,1000,750,0.0000,0.0000,,,,,0,,,,,,"04/30/18 00:00:00",,,"{1DC29704-E0E0-4EF5-B5814A524730C448}","02/08/24 10:01:37",
450,"Lock Nut 10","LN-5161",0,0,,1000,750,0.0000,0.0000,,,,,0,,,,,,"04/30/18 00:00:00",,,"{612C26C7-6018-4050-B6288B2D2E6841FA}","02/08/24 10:01:37",
451,"Lock Nut 11","LN-5162",0,0,,1000,750,0.0000,0.0000,,,,,0,,,,,,"04/30/18 00:00:00",,,"{5BCC4558-6C16-48F1-92F0FD2EEFB17306}","02/08/24 10:01:37",
452,"Lock Nut 2","LN-5400",0,0,,1000,750,0.0000,0.0000,,,,,0,,,,,,"04/30/18 00:00:00",,,"{53AD147D-C16D-4A8C-B086625A31405574}","02/08/24 10:01:37",
453,"Lock Nut 20","LN-5811",0,0,,1000,750,0.0000,0.0000,,,,,0,,,,,,"04/30/18 00:00:00",,,"{2749030E-49B7-4B24-8D47FBCF194ABA38}","02/08/24 10:01:37",
454,"Lock Nut 21","LN-5818",0,0,,1000,750,0.0000,0.0000,,,,,0,,,,,,"04/30/18 00:00:00",,,"{E10A7B34-87F5-42CD-88B327A3D8E16B18}","02/08/24 10:01:37",
455,"Lock Nut 3","LN-6320",0,0,,1000,750,0.0000,0.0000,,,,,0,,,,,,"04/30/18 00:00:00",,,"{AA5071EB-2145-4D08-9D33B9D2BA9E1493}","02/08/24 10:01:37",
456,"Lock Nut 14","LN-7161",0,0,,1000,750,0.0000,0.0000,,,,,0,,,,,,"04/30/18 00:00:00",,,"{1E96B03D-DC07-4A98-BC24BF5B24C393E5}","02/08/24 10:01:37",
457,"Lock Nut 15","LN-7162",0,0,,1000,750,0.0000,0.0000,,,,,0,,,,,,"04/30/18 00:00:00",,,"{CE04DE2B-4ECA-4203-A108B7D92FF0E96E}","02/08/24 10:01:37",
458,"Lock Nut 4","LN-8320",0,0,,1000,750,0.0000,0.0000,,,,,0,,,,,,"04/30/18 00:00:00",,,"{41BD9389-8B22-4A35-9A2C233D39ADA7EA}","02/08/24 10:01:37",
459,"Lock Nut 19","LN-9080",0,0,,1000,750,0.0000,0.0000,,,,,0,,,,,,"04/30/18 00:00:00",,,"{5986504B-22A0-4E74-A137C7CF99A8216F}","02/08/24 10:01:37",
460,"Lock Nut 18","LN-9161",0,0,,1000,750,0.0000,0.0000,,,,,0,,,,,,"04/30/18 00:00:00",,,"{A420963F-92FD-4CD4-85316926E4162C41}","02/08/24 10:01:37",
461,"Lock Ring","LR-2398",0,0,"Silver",1000,750,0.0000,0.0000,,,,,0,,,,,,"04/30/18 00:00:00",,,"{AECA59DA-B61C-4976-831697E14CD4EFF1}","02/08/24 10:01:37",
462,"Lower Head Race","LR-8520",0,0,,1000,750,0.0000,0.0000,,,,,0,,,,,,"04/30/18 00:00:00",,,"{DBB962BF-0603-4095-959B5BA9C74FBD32}","02/08/24 10:01:37",
463,"Lock Washer 4","LW-1000",0,0,,1000,750,0.0000,0.0000,,,,,0,,,,,,"04/30/18 00:00:00",,,"{A3EE3BC5-73C5-45F3-A9529991D038DD9C}","02/08/24 10:01:37",
464,"Lock Washer 5","LW-1200",0,0,,1000,750,0.0000,0.0000,,,,,0,,,,,,"04/30/18 00:00:00",,,"{ECAED08D-2CF5-4D81-A4ED8369E25AF227}","02/08/24 10:01:37",
465,"Lock Washer 10","LW-1201",0,0,,1000,750,0.0000,0.0000,,,,,0,,,,,,"04/30/18 00:00:00",,,"{A2212BAB-AF58-41A5-A659A6141C8967CA}","02/08/24 10:01:37",
466,"Lock Washer 6","LW-1400",0,0,,1000,750,0.0000,0.0000,,,,,0,,,,,,"04/30/18 00:00:00",,,"{9092F2E1-3637-4669-856555404A55750E}","02/08/24 10:01:37",
467,"Lock Washer 13","LW-3400",0,0,,1000,750,0.0000,0.0000,,,,,0,,,,,,"04/30/18 00:00:00",,,"{3CB31F4A-C61C-408C-BE1E48BEE412E511}","02/08/24 10:01:37",
468,"Lock Washer 8","LW-3800",0,0,,1000,750,0.0000,0.0000,,,,,0,,,,,,"04/30/18 00:00:00",,,"{900D26E6-21A0-427D-B43C173F6DCB2045}","02/08/24 10:01:37",
469,"Lock Washer 1","LW-4000",0,0,,1000,750,0.0000,0.0000,,,,,0,,,,,,"04/30/18 00:00:00",,,"{5402EA37-29DF-47FF-9FC7867D60594C48}","02/08/24 10:01:37",
470,"Lock Washer 7","LW-5160",0,0,,1000,750,0.0000,0.0000,,,,,0,,,,,,"04/30/18 00:00:00",,,"{99357255-E66B-458C-AB2E6F68EF5452D2}","02/08/24 10:01:37",
471,"Lock Washer 12","LW-5800",0,0,,1000,750,0.0000,0.0000,,,,,0,,,,,,"04/30/18 00:00:00",,,"{7BC9D58E-3E62-481F-8343BEB0883B3ECF}","02/08/24 10:01:37",
472,"Lock Washer 2","LW-6000",0,0,,1000,750,0.0000,0.0000,,,,,0,,,,,,"04/30/18 00:00:00",,,"{5F201424-9E6A-4F8D-9C2C30777E27D64F}","02/08/24 10:01:37",
473,"Lock Washer 9","LW-7160",0,0,,1000,750,0.0000,0.0000,,,,,0,,,,,,"04/30/18 00:00:00",,,"{F9426FB2-1E68-464E-BF32615026E0249E}","02/08/24 10:01:37",
474,"Lock Washer 3","LW-8000",0,0,,1000,750,0.0000,0.0000,,,,,0,,,,,,"04/30/18 00:00:00",,,"{AC007B7F-73B7-4623-815002444C5EC023}","02/08/24 10:01:37",
475,"Lock Washer 11","LW-9160",0,0,,1000,750,0.0000,0.0000,,,,,0,,,,,,"04/30/18 00:00:00",,,"{639D8448-B427-47B1-9E5B0E5090A27632}","02/08/24 10:01:37",
476,"Metal Angle","MA-7075",0,0,,1000,750,0.0000,0.0000,,,,,0,,,,,,"04/30/18 00:00:00",,,"{E876E239-7EC2-45C8-BA4BB9CEACB379A6}","02/08/24 10:01:37",
477,"Metal Bar 1","MB-2024",0,0,,1000,750,0.0000,0.0000,,,,,0,,,,,,"04/30/18 00:00:00",,,"{8B5429CE-7876-44B3-9332BAF78A238B36}","02/08/24 10:01:37",
478,"Metal Bar 2","MB-6061",0,0,,1000,750,0.0000,0.0000,,,,,0,,,,,,"04/30/18 00:00:00",,,"{2A14F60E-3827-49BA-AF13466DBC30C5BA}","02/08/24 10:01:37",
479,"Metal Plate 2","MP-2066",0,0,,1000,750,0.0000,0.0000,,,,,0,,,,,,"04/30/18 00:00:00",,,"{0773A2C9-F47F-429E-814A25B2E08C128A}","02/08/24 10:01:37",
480,"Metal Plate 1","MP-2503",0,0,,1000,750,0.0000,0.0000,,,,,0,,,,,,"04/30/18 00:00:00",,,"{242389BE-DDE0-42A1-85D9F99FDC981336}","02/08/24 10:01:37",
481,"Metal Plate 3","MP-4960",0,0,,1000,750,0.0000,0.0000,,,,,0,,,,,,"04/30/18 00:00:00",,,"{8B7E90E5-7785-455E-BC7CE962F18C6848}","02/08/24 10:01:37",
482,"Metal Sheet 2","MS-0253",0,0,,1000,750,0.0000,0.0000,,,,,0,,,,,,"04/30/18 00:00:00",,,"{8BB96DFB-23AA-4877-9C5E866BB18FACC7}","02/08/24 10:01:37",
483,"Metal Sheet 3","MS-1256",0,0,,1000,750,0.0000,0.0000,,,,,0,,,,,,"04/30/18 00:00:00",,,"{9074E00D-005B-450E-9C926667782E8108}","02/08/24 10:01:37",
484,"Metal Sheet 7","MS-1981",0,0,,1000,750,0.0000,0.0000,,,,,0,,,,,,"04/30/18 00:00:00",,,"{A9539885-0CEE-4AA0-90728DB1D34A16DB}","02/08/24 10:01:37",
485,"Metal Sheet 4","MS-2259",0,0,,1000,750,0.0000,0.0000,,,,,0,,,,,,"04/30/18 00:00:00",,,"{3CB3CF7D-AB8E-44A3-B7E973149F5EC29F}","02/08/24 10:01:37",
486,"Metal Sheet 5","MS-2341",0,0,,1000,750,0.0000,0.0000,,,,,0,,,,,,"04/30/18 00:00:00",,,"{2A2C555D-328D-4299-BD83591D0762DF62}","02/08/24 10:01:37",
487,"Metal Sheet 6","MS-2348",0,0,,1000,750,0.0000,0.0000,,,,,0,,,,,,"04/30/18 00:00:00",,,"{64844011-A1C3-4F8F-9CAA9C8D214ECC12}","02/08/24 10:01:37",
488,"Metal Sheet 1","MS-6061",0,0,,1000,750,0.0000,0.0000,,,,,0,,,,,,"04/30/18 00:00:00",,,"{3B2FEBC6-C76C-4A56-9CF78AF5B76E24EE}","02/08/24 10:01:37",
489,"Metal Tread Plate","MT-1000",0,0,,1000,750,0.0000,0.0000,,,,,0,,,,,,"04/30/18 00:00:00",,,"{D2177B6C-3352-43F0-9A41719754DD280C}","02/08/24 10:01:37",
490,"LL Nipple","NI-4127",0,0,,1000,750,0.0000,0.0000,,,,,0,,"L ",,,,"04/30/18 00:00:00",,,"{88310F73-AB0A-41A2-8597936F192B7D12}","02/08/24 10:01:37",
491,"HL Nipple","NI-9522",0,0,,1000,750,0.0000,0.0000,,,,,0,,,,,,"04/30/18 00:00:00",,,"{88A7B897-6FF5-4CA2-B68A6EA0E86F92B9}","02/08/24 10:01:37",
492,"Paint - Black","PA-187B",0,0,,60,45,0.0000,0.0000,,,,,0,,,,,,"04/30/18 00:00:00",,,"{DF20E514-3D47-491B-94540911EC3F7D29}","02/08/24 10:01:37",
493,"Paint - Red","PA-361R",0,0,,60,45,0.0000,0.0000,,,,,0,,,,,,"04/30/18 00:00:00",,,"{4C568357-5D21-4AD4-BB85BB5519B3B50C}","02/08/24 10:01:37",
494,"Paint - Silver","PA-529S",0,0,,60,45,0.0000,0.0000,,,,,0,,,,,,"04/30/18 00:00:00",,,"{FA81E47D-7333-49C2-809B308171CA2FB1}","02/08/24 10:01:37",
495,"Paint - Blue","PA-632U",0,0,,60,45,0.0000,0.0000,,,,,0,,,,,,"04/30/18 00:00:00",,,"{25A73761-AE90-49D3-8D1DDD7858DB4704}","02/08/24 10:01:37",
496,"Paint - Yellow","PA-823Y",0,0,,60,45,0.0000,0.0000,,,,,0,,,,,,"04/30/18 00:00:00",,,"{1C8ADB43-9FE8-44A6-B9498AF33CE9486E}","02/08/24 10:01:37",
497,"Pinch Bolt","PB-6109",0,0,,1000,750,0.0000,0.0000,,,,,0,,,,,,"04/30/18 00:00:00",,,"{F1694C24-DFAB-4C92-BC666E717DB24EA8}","02/08/24 10:01:37",
504,"Cup-Shaped Race","RA-2345",0,0,,1000,750,0.0000,0.0000,,,,,0,,,,,,"04/30/18 00:00:00",,,"{874C800E-334D-4A3C-8D3A1E872D5B2A1B}","02/08/24 10:01:37",
505,"Cone-Shaped Race","RA-7490",0,0,,1000,750,0.0000,0.0000,,,,,0,,,,,,"04/30/18 00:00:00",,,"{35CE3995-9DD2-40E2-98B8275931AC2D76}","02/08/24 10:01:37",
506,"Reflector","RF-9198",0,0,,1000,750,0.0000,0.0000,,,,,0,,,,,,"04/30/18 00:00:00",,,"{1C850499-38ED-4C2D-86657EDB6A7CE93D}","02/08/24 10:01:37",
507,"LL Mountain Rim","RM-M464",0,0,,800,600,0.0000,0.0000,,,"G  ",435.00,0,,"L ",,,,"04/30/18 00:00:00",,,"{B2CC7DFB-783D-4587-88C02712A538A5B2}","02/08/24 10:01:37",
508,"ML Mountain Rim","RM-M692",0,0,,800,600,0.0000,0.0000,,,"G  ",450.00,0,,"M ",,,,"04/30/18 00:00:00",,,"{733FD04D-322F-44F5-BEECF326189D1CE6}","02/08/24 10:01:37",
509,"HL Mountain Rim","RM-M823",0,0,,800,600,0.0000,0.0000,,,"G  ",400.00,0,,,,,,"04/30/18 00:00:00",,,"{9FA4A3B5-D396-48D4-ADFCB573BC4A800A}","02/08/24 10:01:37",
510,"LL Road Rim","RM-R436",0,0,,800,600,0.0000,0.0000,,,"G  ",445.00,0,,"L ",,,,"04/30/18 00:00:00",,,"{C2770757-B258-4EEC-A8116856FAF87437}","02/08/24 10:01:37",
511,"ML Road Rim","RM-R600",0,0,,800,600,0.0000,0.0000,,,"G  ",450.00,0,,"M ",,,,"04/30/18 00:00:00",,,"{80108059-0002-4253-A80553A2324C33A4}","02/08/24 10:01:37",
512,"HL Road Rim","RM-R800",0,0,,800,600,0.0000,0.0000,,,"G  ",400.00,0,,,,,,"04/30/18 00:00:00",,,"{CD9B5C44-FB31-4E0F-99053B2086966CC5}","02/08/24 10:01:37",
513,"Touring Rim","RM-T801",0,0,,800,600,0.0000,0.0000,,,"G  ",460.00,0,,,,,,"04/30/18 00:00:00",,,"{4852DB13-308A-4893-AAFA390A0DFE9F12}","02/08/24 10:01:37",
514,"LL Mountain Seat Assembly","SA-M198",-1,0,,500,375,98.7700,133.3400,,,,,1,,"L ",,,,"04/30/18 00:00:00",,,"{FCFC0A4F-4563-4E0B-BFF45DDCFE3A9273}","02/08/24 10:01:37",
515,"ML Mountain Seat Assembly","SA-M237",-1,0,,500,375,108.9900,147.1400,,,,,1,,"M ",,,,"04/30/18 00:00:00",,,"{D3C8AE4C-A1BE-448D-BF586ECBF36AFA0B}","02/08/24 10:01:37",
516,"HL Mountain Seat Assembly","SA-M687",-1,0,,500,375,145.8700,196.9200,,,,,1,,,,,,"04/30/18 00:00:00",,,"{9E18ADAB-B9C7-45B1-BD951805EC4F297D}","02/08/24 10:01:37",
517,"LL Road Seat Assembly","SA-R127",-1,0,,500,375,98.7700,133.3400,,,,,1,,"L ",,,,"04/30/18 00:00:00",,,"{F5A30B8D-F35B-43F2-83A0F7F6B51F6241}","02/08/24 10:01:37",
518,"ML Road Seat Assembly","SA-R430",-1,0,,500,375,108.9900,147.1400,,,,,1,,"M ",,,,"04/30/18 00:00:00",,,"{AD109395-FDA9-4C2A-96F1515CCDE3D9F4}","02/08/24 10:01:37",
519,"HL Road Seat Assembly","SA-R522",-1,0,,500,375,145.8700,196.9200,,,,,1,,,,,,"04/30/18 00:00:00",,,"{7B52EE2A-7100-4A39-A0AFC89012DA6EF8}","02/08/24 10:01:37",
520,"LL Touring Seat Assembly","SA-T467",-1,0,,500,375,98.7700,133.3400,,,,,1,,"L ",,,,"04/30/18 00:00:00",,,"{AF3D83BA-4B8E-4072-817FE6B095A1C879}","02/08/24 10:01:37",
521,"ML Touring Seat Assembly","SA-T612",-1,0,,500,375,108.9900,147.1400,,,,,1,,"M ",,,,"04/30/18 00:00:00",,,"{85B9A3DE-000C-4351-949405796689C216}","02/08/24 10:01:37",
522,"HL Touring Seat Assembly","SA-T872",-1,0,,500,375,145.8700,196.9200,,,,,1,,,,,,"04/30/18 00:00:00",,,"{8C471BCA-A735-4087-AD5090EDE0AC1A1B}","02/08/24 10:01:37",
523,"LL Spindle/Axle","SD-2342",0,0,,500,375,0.0000,0.0000,,,,,0,,"L ",,,,"04/30/18 00:00:00",,,"{D2BD1F55-2CD4-4998-89FA28FF2E28DE2C}","02/08/24 10:01:37",
524,"HL Spindle/Axle","SD-9872",0,0,,500,375,0.0000,0.0000,,,,,0,,,,,,"04/30/18 00:00:00",,,"{6CE0661D-BA1F-4012-B78555165B3B241A}","02/08/24 10:01:37",
525,"LL Shell","SH-4562",0,0,,800,600,0.0000,0.0000,,,,,0,,"L ",,,,"04/30/18 00:00:00",,,"{AE7BCDA7-E836-4F68-9E61745F27F9AA3E}","02/08/24 10:01:37",
526,"HL Shell","SH-9312",0,0,,800,600,0.0000,0.0000,,,,,0,,,,,,"04/30/18 00:00:00",,,"{D215A3AE-AAF2-4CB0-9D203758AAD078E2}","02/08/24 10:01:37",
527,"Spokes","SK-9283",0,0,,1000,750,0.0000,0.0000,,,,,0,,,,,,"04/30/18 00:00:00",,,"{5AABB729-343B-4084-A235CCB3DA9F29E7}","02/08/24 10:01:37",
528,"Seat Lug","SL-0931",0,0,,1000,750,0.0000,0.0000,,,,,0,,,,,,"04/30/18 00:00:00",,,"{4A898B1E-9A3B-4BEB-9873A7465934051A}","02/08/24 10:01:37",
529,"Stem","SM-9087",-1,0,,500,375,0.0000,0.0000,,,,,1,,,,,,"04/30/18 00:00:00",,,"{1173306E-B616-4C4A-B7154E0A483BA2B5}","02/08/24 10:01:37",
530,"Seat Post","SP-2981",0,0,,500,375,0.0000,0.0000,,,,,0,,,,,,"04/30/18 00:00:00",,,"{9B4CEB84-4E84-43F3-B3269B7F22905363}","02/08/24 10:01:37",
531,"Steerer","SR-2098",-1,0,,500,375,0.0000,0.0000,,,,,1,,,,,,"04/30/18 00:00:00",,,"{F3B140A1-B139-4BB5-B1441B7CBBEE6C9A}","02/08/24 10:01:37",
532,"Seat Stays","SS-2985",-1,0,,800,600,0.0000,0.0000,,,,,1,,,,,,"04/30/18 00:00:00",,,"{20C2C611-DFFC-49B5-99CFD89BDD3A91CE}","02/08/24 10:01:37",
533,"Seat Tube","ST-9828",-1,0,,500,375,0.0000,0.0000,,,,,1,,,,,,"04/30/18 00:00:00",,,"{41F5388B-7253-4002-BCC6B2A50920D11F}","02/08/24 10:01:37",
534,"Top Tube","TO-2301",-1,0,,500,375,0.0000,0.0000,,,,,1,,,,,,"04/30/18 00:00:00",,,"{4C0BAD8E-066B-46B8-BFE9DA61539606E8}","02/08/24 10:01:37",
535,"Tension Pulley","TP-0923",0,0,,800,600,0.0000,0.0000,,,,,0,,,,,,"04/30/18 00:00:00",,,"{13DF62B2-8A7B-47D5-9084F1172C4779E4}","02/08/24 10:01:37",
679,"Rear Derailleur Cage","RC-0291",0,0,"Silver",500,375,0.0000,0.0000,,,,,0,,,,,,"04/30/18 00:00:00",,,"{912B03EA-4447-48C8-85DA09B80AB26340}","02/08/24 10:01:37",
680,"HL Road Frame - Black, 58","FR-R92B-58",-1,-1,"Black",500,375,1059.3100,1431.5000,"58","CM ","LB ",2.24,1,"R ","H ","U ",14,6,"04/30/18 00:00:00",,,"{43DD68D6-14A4-461F-906955309D90EA7E}","02/08/24 10:01:37",2
706,"HL Road Frame - Red, 58","FR-R92R-58",-1,-1,"Red",500,375,1059.3100,1431.5000,"58","CM ","LB ",2.24,1,"R ","H ","U ",14,6,"04/30/18 00:00:00",,,"{9540FF17-2712-4C90-A3D18CE5568B2462}","02/08/24 10:01:37",2
707,"Sport-100 Helmet, Red","HL-U509-R",0,-1,"Red",4,3,13.0863,34.9900,,,,,0,"S ",,,31,33,"05/31/21 00:00:00",,,"{2E1EF41A-C08A-4FF6-8ADABDE58B64A712}","02/08/24 10:01:37",4
708,"Sport-100 Helmet, Black","HL-U509",0,-1,"Black",4,3,13.0863,34.9900,,,,,0,"S ",,,31,33,"05/31/21 00:00:00",,,"{A25A44FB-C2DE-4268-958F110B8D7621E2}","02/08/24 10:01:37",4
709,"Mountain Bike Socks, M","SO-B909-M",0,-1,"White",4,3,3.3963,9.5000,"M",,,,0,"M ",,"U ",23,18,"05/31/21 00:00:00","05/29/22 00:00:00",,"{18F95F47-1540-4E02-8F1FCC1BCB6828D0}","02/08/24 10:01:37",3
710,"Mountain Bike Socks, L","SO-B909-L",0,-1,"White",4,3,3.3963,9.5000,"L",,,,0,"M ",,"U ",23,18,"05/31/21 00:00:00","05/29/22 00:00:00",,"{161C035E-21B3-4E14-8E44AF508F35D80A}","02/08/24 10:01:37",3
711,"Sport-100 Helmet, Blue","HL-U509-B",0,-1,"Blue",4,3,13.0863,34.9900,,,,,0,"S ",,,31,33,"05/31/21 00:00:00",,,"{FD7C0858-4179-48C2-865BABD5DFC7BC1D}","02/08/24 10:01:37",4
712,"AWC Logo Cap","CA-1098",0,-1,"Multi",4,3,6.9223,8.9900,,,,,0,"S ",,"U ",19,2,"05/31/21 00:00:00",,,"{B9EDE243-A6F4-4629-B1D4FFE1AEDC6DE7}","02/08/24 10:01:37",3
713,"Long-Sleeve Logo Jersey, S","LJ-0192-S",0,-1,"Multi",4,3,38.4923,49.9900,"S",,,,0,"S ",,"U ",21,11,"05/31/21 00:00:00",,,"{FD449C82-A259-4FAE-85846CA0255FAF68}","02/08/24 10:01:37",3
714,"Long-Sleeve Logo Jersey, M","LJ-0192-M",0,-1,"Multi",4,3,38.4923,49.9900,"M",,,,0,"S ",,"U ",21,11,"05/31/21 00:00:00",,,"{6A290063-A0CF-432A-81102EA0FDA14308}","02/08/24 10:01:37",3
715,"Long-Sleeve Logo Jersey, L","LJ-0192-L",0,-1,"Multi",4,3,38.4923,49.9900,"L",,,,0,"S ",,"U ",21,11,"05/31/21 00:00:00",,,"{34CF5EF5-C077-4EA0-914A084814D5CBD5}","02/08/24 10:01:37",3
716,"Long-Sleeve Logo Jersey, XL","LJ-0192-X",0,-1,"Multi",4,3,38.4923,49.9900,"XL",,,,0,"S ",,"U ",21,11,"05/31/21 00:00:00",,,"{6EC47EC9-C041-4DDA-B6862125D539CE9B}","02/08/24 10:01:37",3
717,"HL Road Frame - Red, 62","FR-R92R-62",-1,-1,"Red",500,375,868.6342,1431.5000,"62","CM ","LB ",2.30,1,"R ","H ","U ",14,6,"05/31/21 00:00:00",,,"{052E4F8B-0A2A-46B2-9F4210FEBCFAE416}","02/08/24 10:01:37",2
718,"HL Road Frame - Red, 44","FR-R92R-44",-1,-1,"Red",500,375,868.6342,1431.5000,"44","CM ","LB ",2.12,1,"R ","H ","U ",14,6,"05/31/21 00:00:00",,,"{A88D3B54-2CAE-43F2-8C6EEA1D97B46A7C}","02/08/24 10:01:37",2
719,"HL Road Frame - Red, 48","FR-R92R-48",-1,-1,"Red",500,375,868.6342,1431.5000,"48","CM ","LB ",2.16,1,"R ","H ","U ",14,6,"05/31/21 00:00:00",,,"{07BEFC9A-7634-402B-B234D7797733BAAF}","02/08/24 10:01:37",2
720,"HL Road Frame - Red, 52","FR-R92R-52",-1,-1,"Red",500,375,868.6342,1431.5000,"52","CM ","LB ",2.20,1,"R ","H ","U ",14,6,"05/31/21 00:00:00",,,"{FCFEA68F-310E-4E6E-9F99BB17D011EBAE}","02/08/24 10:01:37",2
721,"HL Road Frame - Red, 56","FR-R92R-56",-1,-1,"Red",500,375,868.6342,1431.5000,"56","CM ","LB ",2.24,1,"R ","H ","U ",14,6,"05/31/21 00:00:00",,,"{56C85873-4993-41B4-80961067CFD7E4BD}","02/08/24 10:01:37",2
722,"LL Road Frame - Black, 58","FR-R38B-58",-1,-1,"Black",500,375,204.6251,337.2200,"58","CM ","LB ",2.46,1,"R ","L ","U ",14,9,"05/31/21 00:00:00",,,"{2140F256-F705-4D67-975D32DE03265838}","02/08/24 10:01:37",2
723,"LL Road Frame - Black, 60","FR-R38B-60",-1,-1,"Black",500,375,204.6251,337.2200,"60","CM ","LB ",2.48,1,"R ","L ","U ",14,9,"05/31/21 00:00:00",,,"{AA95E2A5-E7C4-4B74-B1EAB52EE3B51537}","02/08/24 10:01:37",2
724,"LL Road Frame - Black, 62","FR-R38B-62",-1,-1,"Black",500,375,204.6251,337.2200,"62","CM ","LB ",2.50,1,"R ","L ","U ",14,9,"05/31/21 00:00:00",,,"{5247BE33-50BF-4527-8A30A39AAE500A8E}","02/08/24 10:01:37",2
725,"LL Road Frame - Red, 44","FR-R38R-44",-1,-1,"Red",500,375,187.1571,337.2200,"44","CM ","LB ",2.32,1,"R ","L ","U ",14,9,"05/31/21 00:00:00","05/29/23 00:00:00",,"{137D319D-44AD-42B2-AB6160B9CE52B5F2}","02/08/24 10:01:37",2
726,"LL Road Frame - Red, 48","FR-R38R-48",-1,-1,"Red",500,375,187.1571,337.2200,"48","CM ","LB ",2.36,1,"R ","L ","U ",14,9,"05/31/21 00:00:00","05/29/23 00:00:00",,"{35213547-275F-4767-805DC8A4B8E13745}","02/08/24 10:01:37",2
727,"LL Road Frame - Red, 52","FR-R38R-52",-1,-1,"Red",500,375,187.1571,337.2200,"52","CM ","LB ",2.40,1,"R ","L ","U ",14,9,"05/31/21 00:00:00","05/29/23 00:00:00",,"{C455E0B3-D716-419D-ABF07E03EFDD2E26}","02/08/24 10:01:37",2
728,"LL Road Frame - Red, 58","FR-R38R-58",-1,-1,"Red",500,375,187.1571,337.2200,"58","CM ","LB ",2.46,1,"R ","L ","U ",14,9,"05/31/21 00:00:00","05/29/23 00:00:00",,"{799A56FF-5AD2-41B3-BFAC528B477AD129}","02/08/24 10:01:37",2
729,"LL Road Frame - Red, 60","FR-R38R-60",-1,-1,"Red",500,375,187.1571,337.2200,"60","CM ","LB ",2.48,1,"R ","L ","U ",14,9,"05/31/21 00:00:00","05/29/23 00:00:00",,"{1784BB14-D1F5-4B24-92DA9127AD179302}","02/08/24 10:01:37",2
730,"LL Road Frame - Red, 62","FR-R38R-62",-1,-1,"Red",500,375,187.1571,337.2200,"62","CM ","LB ",2.50,1,"R ","L ","U ",14,9,"05/31/21 00:00:00","05/29/23 00:00:00",,"{7E73AA1F-8569-4D87-9F80AC2E513E0803}","02/08/24 10:01:37",2
731,"ML Road Frame - Red, 44","FR-R72R-44",-1,-1,"Red",500,375,352.1394,594.8300,"44","CM ","LB ",2.22,1,"R ","M ","U ",14,16,"05/31/21 00:00:00","05/29/22 00:00:00",,"{459E041C-3234-409E-B4CD81728F8A2398}","02/08/24 10:01:37",2
732,"ML Road Frame - Red, 48","FR-R72R-48",-1,-1,"Red",500,375,352.1394,594.8300,"48","CM ","LB ",2.26,1,"R ","M ","U ",14,16,"05/31/21 00:00:00","05/29/22 00:00:00",,"{B673189C-C042-413B-819473BC44B0492C}","02/08/24 10:01:37",2
733,"ML Road Frame - Red, 52","FR-R72R-52",-1,-1,"Red",500,375,352.1394,594.8300,"52","CM ","LB ",2.30,1,"R ","M ","U ",14,16,"05/31/21 00:00:00","05/29/22 00:00:00",,"{55EA276B-82D8-4CCB-9AB19B1B75B15A83}","02/08/24 10:01:37",2
734,"ML Road Frame - Red, 58","FR-R72R-58",-1,-1,"Red",500,375,352.1394,594.8300,"58","CM ","LB ",2.36,1,"R ","M ","U ",14,16,"05/31/21 00:00:00","05/29/22 00:00:00",,"{DF4CE1E2-BA9A-4657-B999CCFA6C55D9C1}","02/08/24 10:01:37",2
735,"ML Road Frame - Red, 60","FR-R72R-60",-1,-1,"Red",500,375,352.1394,594.8300,"60","CM ","LB ",2.38,1,"R ","M ","U ",14,16,"05/31/21 00:00:00","05/29/22 00:00:00",,"{B2E48E8C-63A5-469A-BA4C4F5EBB1104A4}","02/08/24 10:01:37",2
736,"LL Road Frame - Black, 44","FR-R38B-44",-1,-1,"Black",500,375,204.6251,337.2200,"44","CM ","LB ",2.32,1,"R ","L ","U ",14,9,"05/31/21 00:00:00",,,"{C9967889-F490-4A66-943ABCE432E938D8}","02/08/24 10:01:37",2
737,"LL Road Frame - Black, 48","FR-R38B-48",-1,-1,"Black",500,375,204.6251,337.2200,"48","CM ","LB ",2.36,1,"R ","L ","U ",14,9,"05/31/21 00:00:00",,,"{3B5F29B6-A441-4FF7-A0FAFAD10E2CEB4C}","02/08/24 10:01:37",2
738,"LL Road Frame - Black, 52","FR-R38B-52",-1,-1,"Black",500,375,204.6251,337.2200,"52","CM ","LB ",2.40,1,"R ","L ","U ",14,9,"05/31/21 00:00:00",,,"{18FC5D72-A012-4DC7-BB350D01A84D0219}","02/08/24 10:01:37",2
739,"HL Mountain Frame - Silver, 42","FR-M94S-42",-1,-1,"Silver",500,375,747.2002,1364.5000,"42","CM ","LB ",2.72,1,"M ","H ","U ",12,5,"05/31/21 00:00:00",,,"{8AE32663-8D6F-457D-83435B181FEC43A7}","02/08/24 10:01:37",2
740,"HL Mountain Frame - Silver, 44","FR-M94S-44",-1,-1,"Silver",500,375,706.8110,1364.5000,"44","CM ","LB ",2.76,1,"M ","H ","U ",12,5,"05/31/21 00:00:00","05/29/22 00:00:00",,"{1909C60C-C490-411D-B3E612DDD7832482}","02/08/24 10:01:37",2
741,"HL Mountain Frame - Silver, 48","FR-M94S-52",-1,-1,"Silver",500,375,706.8110,1364.5000,"48","CM ","LB ",2.80,1,"M ","H ","U ",12,5,"05/31/21 00:00:00","05/29/22 00:00:00",,"{B181EC1F-CA20-4724-B2EB15F3E455142E}","02/08/24 10:01:37",2
742,"HL Mountain Frame - Silver, 46","FR-M94S-46",-1,-1,"Silver",500,375,747.2002,1364.5000,"46","CM ","LB ",2.84,1,"M ","H ","U ",12,5,"05/31/21 00:00:00",,,"{A189D86E-D923-4336-B13DA5DB6F426540}","02/08/24 10:01:37",2
743,"HL Mountain Frame - Black, 42","FR-M94B-42",-1,-1,"Black",500,375,739.0410,1349.6000,"42","CM ","LB ",2.72,1,"M ","H ","U ",12,5,"05/31/21 00:00:00",,,"{27DB28F8-5AB8-4091-B94E6F1B2D8E7AB0}","02/08/24 10:01:37",2
744,"HL Mountain Frame - Black, 44","FR-M94B-44",-1,-1,"Black",500,375,699.0928,1349.6000,"44","CM ","LB ",2.76,1,"M ","H ","U ",12,5,"05/31/21 00:00:00","05/29/22 00:00:00",,"{CB443286-6B25-409F-A10B1AD4EEB4BD4E}","02/08/24 10:01:37",2
745,"HL Mountain Frame - Black, 48","FR-M94B-48",-1,-1,"Black",500,375,699.0928,1349.6000,"48","CM ","LB ",2.80,1,"M ","H ","U ",12,5,"05/31/21 00:00:00","05/29/22 00:00:00",,"{1FEE0573-6676-432D-8D6D41BA9FAA5865}","02/08/24 10:01:37",2
746,"HL Mountain Frame - Black, 46","FR-M94B-46",-1,-1,"Black",500,375,739.0410,1349.6000,"46","CM ","LB ",2.84,1,"M ","H ","U ",12,5,"05/31/21 00:00:00",,,"{50ABEBCB-451E-42B9-8DBBE5C4A34470E9}","02/08/24 10:01:37",2
747,"HL Mountain Frame - Black, 38","FR-M94B-38",-1,-1,"Black",500,375,739.0410,1349.6000,"38","CM ","LB ",2.68,2,"M ","H ","U ",12,5,"05/31/21 00:00:00",,,"{0C548577-3171-4CE2-B9A01ED526849DE8}","02/08/24 10:01:37",2
748,"HL Mountain Frame - Silver, 38","FR-M94S-38",-1,-1,"Silver",500,375,747.2002,1364.5000,"38","CM ","LB ",2.68,2,"M ","H ","U ",12,5,"05/31/21 00:00:00",,,"{F246ACAA-A80B-40EC-920802EDEF885129}","02/08/24 10:01:37",2
749,"Road-150 Red, 62","BK-R93R-62",-1,-1,"Red",100,75,2171.2942,3578.2700,"62","CM ","LB ",15.00,4,"R ","H ","U ",2,25,"05/31/21 00:00:00","05/29/22 00:00:00",,"{BC621E1F-2553-4FDC-B22E5E44A9003569}","02/08/24 10:01:37",1
750,"Road-150 Red, 44","BK-R93R-44",-1,-1,"Red",100,75,2171.2942,3578.2700,"44","CM ","LB ",13.77,4,"R ","H ","U ",2,25,"05/31/21 00:00:00","05/29/22 00:00:00",,"{C19E1136-5DA4-4B40-875854A85D7EA494}","02/08/24 10:01:37",1
751,"Road-150 Red, 48","BK-R93R-48",-1,-1,"Red",100,75,2171.2942,3578.2700,"48","CM ","LB ",14.13,4,"R ","H ","U ",2,25,"05/31/21 00:00:00","05/29/22 00:00:00",,"{D10B7CC1-455E-435B-A08FEC5B1C5776E9}","02/08/24 10:01:37",1
752,"Road-150 Red, 52","BK-R93R-52",-1,-1,"Red",100,75,2171.2942,3578.2700,"52","CM ","LB ",14.42,4,"R ","H ","U ",2,25,"05/31/21 00:00:00","05/29/22 00:00:00",,"{5E085BA0-3CD5-487F-85BB79ED1C701F23}","02/08/24 10:01:37",1
753,"Road-150 Red, 56","BK-R93R-56",-1,-1,"Red",100,75,2171.2942,3578.2700,"56","CM ","LB ",14.68,4,"R ","H ","U ",2,25,"05/31/21 00:00:00","05/29/22 00:00:00",,"{30819B88-F0D3-4E7A-810519F6FAC2CEFB}","02/08/24 10:01:37",1
754,"Road-450 Red, 58","BK-R68R-58",-1,-1,"Red",100,75,884.7083,1457.9900,"58","CM ","LB ",17.79,4,"R ","M ","U ",2,28,"05/31/21 00:00:00","05/29/22 00:00:00",,"{40D5EFFA-C0C4-479F-AF665F1BF8ED3BFB}","02/08/24 10:01:37",1
755,"Road-450 Red, 60","BK-R68R-60",-1,-1,"Red",100,75,884.7083,1457.9900,"60","CM ","LB ",17.90,4,"R ","M ","U ",2,28,"05/31/21 00:00:00","05/29/22 00:00:00",,"{181A90CB-3678-490E-841878F73FB5343D}","02/08/24 10:01:37",1
756,"Road-450 Red, 44","BK-R68R-44",-1,-1,"Red",100,75,884.7083,1457.9900,"44","CM ","LB ",16.77,4,"R ","M ","U ",2,28,"05/31/21 00:00:00","05/29/22 00:00:00",,"{F8B5E26A-3D33-4E39-B500CC21A133062E}","02/08/24 10:01:37",1
757,"Road-450 Red, 48","BK-R68R-48",-1,-1,"Red",100,75,884.7083,1457.9900,"48","CM ","LB ",17.13,4,"R ","M ","U ",2,28,"05/31/21 00:00:00","05/29/22 00:00:00",,"{C72C9978-0B04-46B3-9DE6948FECA1C86E}","02/08/24 10:01:37",1
758,"Road-450 Red, 52","BK-R68R-52",-1,-1,"Red",100,75,884.7083,1457.9900,"52","CM ","LB ",17.42,4,"R ","M ","U ",2,28,"05/31/21 00:00:00","05/29/22 00:00:00",,"{040A4B7D-4060-4507-AA927508B434797E}","02/08/24 10:01:37",1
759,"Road-650 Red, 58","BK-R50R-58",-1,-1,"Red",100,75,486.7066,782.9900,"58","CM ","LB ",19.79,4,"R ","L ","U ",2,30,"05/31/21 00:00:00","05/29/23 00:00:00",,"{6711D6BC-664F-4890-9F69AF1DE321D055}","02/08/24 10:01:37",1
760,"Road-650 Red, 60","BK-R50R-60",-1,-1,"Red",100,75,486.7066,782.9900,"60","CM ","LB ",19.90,4,"R ","L ","U ",2,30,"05/31/21 00:00:00","05/29/23 00:00:00",,"{664867E5-4AB3-4783-96F942EFDE92F49B}","02/08/24 10:01:37",1
761,"Road-650 Red, 62","BK-R50R-62",-1,-1,"Red",100,75,486.7066,782.9900,"62","CM ","LB ",20.00,4,"R ","L ","U ",2,30,"05/31/21 00:00:00","05/29/23 00:00:00",,"{1DA14E09-6D71-4E2A-9EE91BDFDFD8A109}","02/08/24 10:01:37",1
762,"Road-650 Red, 44","BK-R50R-44",-1,-1,"Red",100,75,486.7066,782.9900,"44","CM ","LB ",18.77,4,"R ","L ","U ",2,30,"05/31/21 00:00:00","05/29/23 00:00:00",,"{F247AAAE-12E3-4048-A37BCCE4A8999E81}","02/08/24 10:01:37",1
763,"Road-650 Red, 48","BK-R50R-48",-1,-1,"Red",100,75,486.7066,782.9900,"48","CM ","LB ",19.13,4,"R ","L ","U ",2,30,"05/31/21 00:00:00","05/29/23 00:00:00",,"{3DA5FA6E-9E0F-4896-AC10948C27F4EB79}","02/08/24 10:01:37",1
764,"Road-650 Red, 52","BK-R50R-52",-1,-1,"Red",100,75,486.7066,782.9900,"52","CM ","LB ",19.42,4,"R ","L ","U ",2,30,"05/31/21 00:00:00","05/29/23 00:00:00",,"{07CFE1EA-8A37-4D2A-835FBC8D37E564AF}","02/08/24 10:01:37",1
765,"Road-650 Black, 58","BK-R50B-58",-1,-1,"Black",100,75,486.7066,782.9900,"58","CM ","LB ",19.79,4,"R ","L ","U ",2,30,"05/31/21 00:00:00","05/29/23 00:00:00",,"{74645B12-3CE9-49A6-BD962CD814B37420}","02/08/24 10:01:37",1
766,"Road-650 Black, 60","BK-R50B-60",-1,-1,"Black",100,75,486.7066,782.9900,"60","CM ","LB ",19.90,4,"R ","L ","U ",2,30,"05/31/21 00:00:00","05/29/23 00:00:00",,"{A2DB196D-6640-49EA-A84F2E87CA6F50C6}","02/08/24 10:01:37",1
767,"Road-650 Black, 62","BK-R50B-62",-1,-1,"Black",100,75,486.7066,782.9900,"62","CM ","LB ",20.00,4,"R ","L ","U ",2,30,"05/31/21 00:00:00","05/29/23 00:00:00",,"{C82A8309-63D3-4C0C-AD71E91272397095}","02/08/24 10:01:37",1
768,"Road-650 Black, 44","BK-R50B-44",-1,-1,"Black",100,75,486.7066,782.9900,"44","CM ","LB ",18.77,4,"R ","L ","U ",2,30,"05/31/21 00:00:00","05/29/23 00:00:00",,"{11D563AC-115C-4F0D-A1E5E946EEE8B38B}","02/08/24 10:01:37",1
769,"Road-650 Black, 48","BK-R50B-48",-1,-1,"Black",100,75,486.7066,782.9900,"48","CM ","LB ",19.13,4,"R ","L ","U ",2,30,"05/31/21 00:00:00","05/29/23 00:00:00",,"{A7E2179E-137C-497E-A5E6C9EA64935FB0}","02/08/24 10:01:37",1
770,"Road-650 Black, 52","BK-R50B-52",-1,-1,"Black",100,75,486.7066,782.9900,"52","CM ","LB ",19.42,4,"R ","L ","U ",2,30,"05/31/21 00:00:00","05/29/23 00:00:00",,"{136E2865-E0DA-4624-963A31349279AB1A}","02/08/24 10:01:37",1
771,"Mountain-100 Silver, 38","BK-M82S-38",-1,-1,"Silver",100,75,1912.1544,3399.9900,"38","CM ","LB ",20.35,4,"M ","H ","U ",1,19,"05/31/21 00:00:00","05/29/22 00:00:00",,"{CA74B54E-FC30-4464-8B83019BFD1B2DBB}","02/08/24 10:01:37",1
772,"Mountain-100 Silver, 42","BK-M82S-42",-1,-1,"Silver",100,75,1912.1544,3399.9900,"42","CM ","LB ",20.77,4,"M ","H ","U ",1,19,"05/31/21 00:00:00","05/29/22 00:00:00",,"{BBFFF5A5-4BDC-49A9-A5AD7584ADFFE808}","02/08/24 10:01:37",1
773,"Mountain-100 Silver, 44","BK-M82S-44",-1,-1,"Silver",100,75,1912.1544,3399.9900,"44","CM ","LB ",21.13,4,"M ","H ","U ",1,19,"05/31/21 00:00:00","05/29/22 00:00:00",,"{155FD77E-D6D6-43F0-8A5B4A8305EB45CD}","02/08/24 10:01:37",1
774,"Mountain-100 Silver, 48","BK-M82S-48",-1,-1,"Silver",100,75,1912.1544,3399.9900,"48","CM ","LB ",21.42,4,"M ","H ","U ",1,19,"05/31/21 00:00:00","05/29/22 00:00:00",,"{BA5551DF-C9EE-4B43-B3CA8C19D0F9384D}","02/08/24 10:01:37",1
775,"Mountain-100 Black, 38","BK-M82B-38",-1,-1,"Black",100,75,1898.0944,3374.9900,"38","CM ","LB ",20.35,4,"M ","H ","U ",1,19,"05/31/21 00:00:00","05/29/22 00:00:00",,"{DEA33347-FCD3-4346-AA0F068CD6B3AD06}","02/08/24 10:01:37",1
776,"Mountain-100 Black, 42","BK-M82B-42",-1,-1,"Black",100,75,1898.0944,3374.9900,"42","CM ","LB ",20.77,4,"M ","H ","U ",1,19,"05/31/21 00:00:00","05/29/22 00:00:00",,"{02935111-A546-4C6D-941FBE12D42C158E}","02/08/24 10:01:37",1
777,"Mountain-100 Black, 44","BK-M82B-44",-1,-1,"Black",100,75,1898.0944,3374.9900,"44","CM ","LB ",21.13,4,"M ","H ","U ",1,19,"05/31/21 00:00:00","05/29/22 00:00:00",,"{7920BC3B-8FD4-4610-93D2E693A66B6474}","02/08/24 10:01:37",1
778,"Mountain-100 Black, 48","BK-M82B-48",-1,-1,"Black",100,75,1898.0944,3374.9900,"48","CM ","LB ",21.42,4,"M ","H ","U ",1,19,"05/31/21 00:00:00","05/29/22 00:00:00",,"{1B486300-7E64-4C5D-A9BAA8368E20C5A0}","02/08/24 10:01:37",1
779,"Mountain-200 Silver, 38","BK-M68S-38",-1,-1,"Silver",100,75,1265.6195,2319.9900,"38","CM ","LB ",23.35,4,"M ","H ","U ",1,20,"05/30/22 00:00:00",,,"{3A45D835-ABAE-4806-AC03C53ABCD3B974}","02/08/24 10:01:37",1
780,"Mountain-200 Silver, 42","BK-M68S-42",-1,-1,"Silver",100,75,1265.6195,2319.9900,"42","CM ","LB ",23.77,4,"M ","H ","U ",1,20,"05/30/22 00:00:00",,,"{CE4849B4-56E6-4B50-808B9BDE67CC4704}","02/08/24 10:01:37",1
781,"Mountain-200 Silver, 46","BK-M68S-46",-1,-1,"Silver",100,75,1265.6195,2319.9900,"46","CM ","LB ",24.13,4,"M ","H ","U ",1,20,"05/30/22 00:00:00",,,"{20799030-420C-496A-992209189C2B457E}","02/08/24 10:01:37",1
782,"Mountain-200 Black, 38","BK-M68B-38",-1,-1,"Black",100,75,1251.9813,2294.9900,"38","CM ","LB ",23.35,4,"M ","H ","U ",1,20,"05/30/22 00:00:00",,,"{82CB8F9B-B8BB-4841-98D3BCDB807C4DD8}","02/08/24 10:01:37",1
783,"Mountain-200 Black, 42","BK-M68B-42",-1,-1,"Black",100,75,1251.9813,2294.9900,"42","CM ","LB ",23.77,4,"M ","H ","U ",1,20,"05/30/22 00:00:00",,,"{2B0AF5B9-7571-4621-B76047DF599F9650}","02/08/24 10:01:37",1
784,"Mountain-200 Black, 46","BK-M68B-46",-1,-1,"Black",100,75,1251.9813,2294.9900,"46","CM ","LB ",24.13,4,"M ","H ","U ",1,20,"05/30/22 00:00:00",,,"{33F42284-E216-4B98-BA48B4EE18A01FA0}","02/08/24 10:01:37",1
785,"Mountain-300 Black, 38","BK-M47B-38",-1,-1,"Black",100,75,598.4354,1079.9900,"38","CM ","LB ",25.35,4,"M ","M ","U ",1,21,"05/30/22 00:00:00","05/29/23 00:00:00",,"{F06C2CBF-0901-4C08-80EDFB4E87171B3B}","02/08/24 10:01:37",1
786,"Mountain-300 Black, 40","BK-M47B-40",-1,-1,"Black",100,75,598.4354,1079.9900,"40","CM ","LB ",25.77,4,"M ","M ","U ",1,21,"05/30/22 00:00:00","05/29/23 00:00:00",,"{580D4322-BE03-4C91-83D2EE33EC6008AB}","02/08/24 10:01:37",1
787,"Mountain-300 Black, 44","BK-M47B-44",-1,-1,"Black",100,75,598.4354,1079.9900,"44","CM ","LB ",26.13,4,"M ","M ","U ",1,21,"05/30/22 00:00:00","05/29/23 00:00:00",,"{07C2A548-0452-47B4-9DCE6EDB0A30C85E}","02/08/24 10:01:37",1
788,"Mountain-300 Black, 48","BK-M47B-48",-1,-1,"Black",100,75,598.4354,1079.9900,"48","CM ","LB ",26.42,4,"M ","M ","U ",1,21,"05/30/22 00:00:00","05/29/23 00:00:00",,"{16078DBE-388D-4C18-AA8F0C8F48035468}","02/08/24 10:01:37",1
789,"Road-250 Red, 44","BK-R89R-44",-1,-1,"Red",100,75,1518.7864,2443.3500,"44","CM ","LB ",14.77,4,"R ","H ","U ",2,26,"05/30/22 00:00:00","05/29/23 00:00:00",,"{0AA71AD6-AFAF-43C6-974535D815B50A5B}","02/08/24 10:01:37",1
790,"Road-250 Red, 48","BK-R89R-48",-1,-1,"Red",100,75,1518.7864,2443.3500,"48","CM ","LB ",15.13,4,"R ","H ","U ",2,26,"05/30/22 00:00:00","05/29/23 00:00:00",,"{115DDADE-70E3-43F9-80DC638DAEA271C4}","02/08/24 10:01:37",1
791,"Road-250 Red, 52","BK-R89R-52",-1,-1,"Red",100,75,1518.7864,2443.3500,"52","CM ","LB ",15.42,4,"R ","H ","U ",2,26,"05/30/22 00:00:00","05/29/23 00:00:00",,"{C9FD1DF4-9512-420A-B379067108033B75}","02/08/24 10:01:37",1
792,"Road-250 Red, 58","BK-R89R-58",-1,-1,"Red",100,75,1554.9479,2443.3500,"58","CM ","LB ",15.79,4,"R ","H ","U ",2,26,"05/30/22 00:00:00",,,"{DF629C11-8D8B-4774-9D52ECB64DC95212}","02/08/24 10:01:37",1
793,"Road-250 Black, 44","BK-R89B-44",-1,-1,"Black",100,75,1554.9479,2443.3500,"44","CM ","LB ",14.77,4,"R ","H ","U ",2,26,"05/30/22 00:00:00",,,"{1FF419B5-52AF-4F7E-AEAE4FEC5E99DE35}","02/08/24 10:01:37",1
794,"Road-250 Black, 48","BK-R89B-48",-1,-1,"Black",100,75,1554.9479,2443.3500,"48","CM ","LB ",15.13,4,"R ","H ","U ",2,26,"05/30/22 00:00:00",,,"{9D165DDF-8F5D-41C7-9BB813F41A3D1F62}","02/08/24 10:01:37",1
795,"Road-250 Black, 52","BK-R89B-52",-1,-1,"Black",100,75,1554.9479,2443.3500,"52","CM ","LB ",15.42,4,"R ","H ","U ",2,26,"05/30/22 00:00:00",,,"{74FE3957-CBC3-450A-AB92849BD13530E2}","02/08/24 10:01:37",1
796,"Road-250 Black, 58","BK-R89B-58",-1,-1,"Black",100,75,1554.9479,2443.3500,"58","CM ","LB ",15.68,4,"R ","H ","U ",2,26,"05/30/22 00:00:00",,,"{1C530FE8-A169-4ADC-B3DCB11A48245E63}","02/08/24 10:01:37",1
797,"Road-550-W Yellow, 38","BK-R64Y-38",-1,-1,"Yellow",100,75,713.0798,1120.4900,"38","CM ","LB ",17.35,4,"R ","M ","W ",2,29,"05/30/22 00:00:00",,,"{AAD81532-A572-49A5-83C3DFA9E3B4FEA6}","02/08/24 10:01:37",1
798,"Road-550-W Yellow, 40","BK-R64Y-40",-1,-1,"Yellow",100,75,713.0798,1120.4900,"40","CM ","LB ",17.77,4,"R ","M ","W ",2,29,"05/30/22 00:00:00",,,"{A35A1C35-C128-4697-951E4199062E78F3}","02/08/24 10:01:37",1
799,"Road-550-W Yellow, 42","BK-R64Y-42",-1,-1,"Yellow",100,75,713.0798,1120.4900,"42","CM ","LB ",18.13,4,"R ","M ","W ",2,29,"05/30/22 00:00:00",,,"{A359AB09-16F2-4726-A60F0DFDB1C9527E}","02/08/24 10:01:37",1
800,"Road-550-W Yellow, 44","BK-R64Y-44",-1,-1,"Yellow",100,75,713.0798,1120.4900,"44","CM ","LB ",18.42,4,"R ","M ","W ",2,29,"05/30/22 00:00:00",,,"{0A7028FB-FF06-4D38-AAA1B64816278165}","02/08/24 10:01:37",1
801,"Road-550-W Yellow, 48","BK-R64Y-48",-1,-1,"Yellow",100,75,713.0798,1120.4900,"48","CM ","LB ",18.68,4,"R ","M ","W ",2,29,"05/30/22 00:00:00",,,"{C90CC877-804C-4CE7-AFC34C8791A13DFB}","02/08/24 10:01:37",1
802,"LL Fork","FK-1639",-1,-1,,500,375,65.8097,148.2200,,,,,1,,"L ",,10,104,"05/30/22 00:00:00","05/29/23 00:00:00",,"{FB8502BE-07EB-4134-AB06C3A9959A52AE}","02/08/24 10:01:37",2
803,"ML Fork","FK-5136",-1,-1,,500,375,77.9176,175.4900,,,,,1,,"M ",,10,105,"05/30/22 00:00:00","05/29/23 00:00:00",,"{F5FA4E2F-B976-48A4-BF7985632F697D2E}","02/08/24 10:01:37",2
804,"HL Fork","FK-9939",-1,-1,,500,375,101.8936,229.4900,,,,,1,,"H ",,10,106,"05/30/22 00:00:00","05/29/23 00:00:00",,"{553229B3-1AD9-4A71-A21C2AF4332CFCE9}","02/08/24 10:01:37",2
805,"LL Headset","HS-0296",-1,-1,,500,375,15.1848,34.2000,,,,,1,,"L ",,11,59,"05/30/22 00:00:00","05/29/23 00:00:00",,"{BB6BD7B3-A34D-4D64-822E781FA6838E19}","02/08/24 10:01:37",2
806,"ML Headset","HS-2451",-1,-1,,500,375,45.4168,102.2900,,,,,1,,"M ",,11,60,"05/30/22 00:00:00","05/29/23 00:00:00",,"{23B5D52B-8C29-4059-B89975C53B5EE2E6}","02/08/24 10:01:37",2
807,"HL Headset","HS-3479",-1,-1,,500,375,55.3801,124.7300,,,,,1,,"H ",,11,61,"05/30/22 00:00:00","05/29/23 00:00:00",,"{12E4D5E8-79ED-4BCB-A5326275D1A93417}","02/08/24 10:01:37",2
808,"LL Mountain Handlebars","HB-M243",-1,-1,,500,375,19.7758,44.5400,,,,,1,"M ","L ",,4,52,"05/30/22 00:00:00",,,"{B59B7BF2-7AFC-4A74-B063F942F1E0DA19}","02/08/24 10:01:37",2
809,"ML Mountain Handlebars","HB-M763",-1,-1,,500,375,27.4925,61.9200,,,,,1,"M ","M ",,4,54,"05/30/22 00:00:00",,,"{AE6020DF-D9C9-4D34-97951F80E6BBF5A5}","02/08/24 10:01:37",2
810,"HL Mountain Handlebars","HB-M918",-1,-1,,500,375,53.3999,120.2700,,,,,1,"M ","H ",,4,55,"05/30/22 00:00:00",,,"{6AA0F921-0F09-4F99-8D3C335946873553}","02/08/24 10:01:37",2
811,"LL Road Handlebars","HB-R504",-1,-1,,500,375,19.7758,44.5400,,,,,1,"R ","L ",,4,56,"05/30/22 00:00:00",,,"{ACDAE407-B40E-435E-8E841BFC33013E81}","02/08/24 10:01:37",2
812,"ML Road Handlebars","HB-R720",-1,-1,,500,375,27.4925,61.9200,,,,,1,"R ","M ",,4,57,"05/30/22 00:00:00",,,"{33FA1A03-38D6-405E-BE9BEEA92F3D204F}","02/08/24 10:01:37",2
813,"HL Road Handlebars","HB-R956",-1,-1,,500,375,53.3999,120.2700,,,,,1,"R ","H ",,4,58,"05/30/22 00:00:00",,,"{5C5327B9-AD2E-4C33-8D74EDF49E0C2DD8}","02/08/24 10:01:37",2
814,"ML Mountain Frame - Black, 38","FR-M63B-38",-1,-1,"Black",500,375,185.8193,348.7600,"38","CM ","LB ",2.73,2,"M ","M ","U ",12,15,"05/30/22 00:00:00","05/29/23 00:00:00",,"{0D879312-A7D3-441D-9D23B6550BAB3814}","02/08/24 10:01:37",2
815,"LL Mountain Front Wheel","FW-M423",-1,-1,"Black",500,375,26.9708,60.7450,,,,,1,"M ","L ",,17,42,"05/30/22 00:00:00","05/29/23 00:00:00",,"{D7B1D161-182E-44F6-A9FF9C1EBA76613B}","02/08/24 10:01:37",2
816,"ML Mountain Front Wheel","FW-M762",-1,-1,"Black",500,375,92.8071,209.0250,,,,,1,"M ","M ",,17,45,"05/30/22 00:00:00","05/29/23 00:00:00",,"{5E3E5033-9A77-4DCA-8B7FDFED78EFA08A}","02/08/24 10:01:37",2
817,"HL Mountain Front Wheel","FW-M928",-1,-1,"Black",500,375,133.2955,300.2150,,,,,1,"M ","H ",,17,46,"05/30/22 00:00:00","05/29/23 00:00:00",,"{3C8FFFF6-A8DC-45A3-963BA6284CED7596}","02/08/24 10:01:37",2
818,"LL Road Front Wheel","FW-R623",-1,-1,"Black",500,375,37.9909,85.5650,,,"G  ",900.00,1,"R ","L ",,17,49,"05/30/22 00:00:00","05/29/23 00:00:00",,"{9E66DE78-DECB-438A-B9A9023C773C60A2}","02/08/24 10:01:37",2
819,"ML Road Front Wheel","FW-R762",-1,-1,"Black",500,375,110.2829,248.3850,,,"G  ",850.00,1,"R ","M ",,17,50,"05/30/22 00:00:00","05/29/23 00:00:00",,"{6EA94FBF-B9AA-43FC-84E891D508DDE751}","02/08/24 10:01:37",2
820,"HL Road Front Wheel","FW-R820",-1,-1,"Black",500,375,146.5466,330.0600,,,"G  ",650.00,1,"R ","H ",,17,51,"05/30/22 00:00:00","05/29/23 00:00:00",,"{727A3CD5-8D40-4884-A7E4DFD3FFDEB164}","02/08/24 10:01:37",2
821,"Touring Front Wheel","FW-T905",-1,-1,"Black",500,375,96.7964,218.0100,,,,,1,"T ",,,17,44,"05/30/22 00:00:00","05/29/23 00:00:00",,"{8D1CDB07-4FA1-4AC1-840FA16C3DCA5009}","02/08/24 10:01:37",2
822,"ML Road Frame-W - Yellow, 38","FR-R72Y-38",-1,-1,"Yellow",500,375,360.9428,594.8300,"38","CM ","LB ",2.18,2,"R ","M ","W ",14,17,"05/30/22 00:00:00",,,"{22976FA7-0AD0-40F9-B4F9BA10279EA1A3}","02/08/24 10:01:37",2
823,"LL Mountain Rear Wheel","RW-M423",-1,-1,"Black",500,375,38.9588,87.7450,,,,,1,"M ","L ",,17,123,"05/30/22 00:00:00","05/29/23 00:00:00",,"{E6C39F58-995F-4786-A309DF3812D8B30F}","02/08/24 10:01:37",2
824,"ML Mountain Rear Wheel","RW-M762",-1,-1,"Black",500,375,104.7951,236.0250,,,,,1,"M ","M ",,17,124,"05/30/22 00:00:00","05/29/23 00:00:00",,"{B2F7CF9B-A7BF-49AB-9CCA9F6E791CD693}","02/08/24 10:01:37",2
825,"HL Mountain Rear Wheel","RW-M928",-1,-1,"Black",500,375,145.2835,327.2150,,,,,1,"M ","H ",,17,125,"05/30/22 00:00:00","05/29/23 00:00:00",,"{35D02EDC-1120-41FB-B5DF8655A93B3353}","02/08/24 10:01:37",2
826,"LL Road Rear Wheel","RW-R623",-1,-1,"Black",500,375,49.9789,112.5650,,,"G  ",1050.00,1,"R ","L ",,17,126,"05/30/22 00:00:00","05/29/23 00:00:00",,"{78D01117-8DCD-465F-9DC794A2CDC35582}","02/08/24 10:01:37",2
827,"ML Road Rear Wheel","RW-R762",-1,-1,"Black",500,375,122.2709,275.3850,,,"G  ",1000.00,1,"R ","M ",,17,77,"05/30/22 00:00:00","05/29/23 00:00:00",,"{CF739F9A-0AF0-4810-B229C431A31D7779}","02/08/24 10:01:37",2
828,"HL Road Rear Wheel","RW-R820",-1,-1,"Black",500,375,158.5346,357.0600,,,"G  ",890.00,1,"R ","H ",,17,78,"05/30/22 00:00:00","05/29/23 00:00:00",,"{8F262A37-43AA-4AD5-AE1F8BD6967D8E9B}","02/08/24 10:01:37",2
829,"Touring Rear Wheel","RW-T905",-1,-1,"Black",500,375,108.7844,245.0100,,,,,1,"T ",,,17,43,"05/30/22 00:00:00","05/29/23 00:00:00",,"{30D2254D-E26D-4586-B4C5E8CCB8A059B8}","02/08/24 10:01:37",2
830,"ML Mountain Frame - Black, 40","FR-M63B-40",-1,-1,"Black",500,375,185.8193,348.7600,"40","CM ","LB ",2.77,1,"M ","M ","U ",12,14,"05/30/22 00:00:00","05/29/23 00:00:00",,"{AED1C9C4-C139-45D2-B38E0A0A9F518665}","02/08/24 10:01:37",2
831,"ML Mountain Frame - Black, 44","FR-M63B-44",-1,-1,"Black",500,375,185.8193,348.7600,"44","CM ","LB ",2.81,1,"M ","M ","U ",12,14,"05/30/22 00:00:00","05/29/23 00:00:00",,"{3F2135D4-EC5F-4E30-BDE85444518F0637}","02/08/24 10:01:37",2
832,"ML Mountain Frame - Black, 48","FR-M63B-48",-1,-1,"Black",500,375,185.8193,348.7600,"48","CM ","LB ",2.85,1,"M ","M ","U ",12,14,"05/30/22 00:00:00","05/29/23 00:00:00",,"{C2009B69-F15A-47EC-B7101809D299318A}","02/08/24 10:01:37",2
833,"ML Road Frame-W - Yellow, 40","FR-R72Y-40",-1,-1,"Yellow",500,375,360.9428,594.8300,"40","CM ","LB ",2.22,1,"R ","M ","W ",14,17,"05/30/22 00:00:00",,,"{22DF26F2-60BC-493E-A14A5500633E9F7E}","02/08/24 10:01:37",2
834,"ML Road Frame-W - Yellow, 42","FR-R72Y-42",-1,-1,"Yellow",500,375,360.9428,594.8300,"42","CM ","LB ",2.26,1,"R ","M ","W ",14,17,"05/30/22 00:00:00",,,"{207B54DA-5404-415D-85789A45082E3BF1}","02/08/24 10:01:37",2
835,"ML Road Frame-W - Yellow, 44","FR-R72Y-44",-1,-1,"Yellow",500,375,360.9428,594.8300,"44","CM ","LB ",2.30,1,"R ","M ","W ",14,17,"05/30/22 00:00:00",,,"{A0FAD492-AC24-4FCF-8D2AD21D06386AE1}","02/08/24 10:01:37",2
836,"ML Road Frame-W - Yellow, 48","FR-R72Y-48",-1,-1,"Yellow",500,375,360.9428,594.8300,"48","CM ","LB ",2.34,1,"R ","M ","W ",14,17,"05/30/22 00:00:00",,,"{8487BFE0-2138-471E-9C6DFDB3A67E7D86}","02/08/24 10:01:37",2
837,"HL Road Frame - Black, 62","FR-R92B-62",-1,-1,"Black",500,375,868.6342,1431.5000,"62","CM ","LB ",2.30,1,"R ","H ","U ",14,6,"05/30/22 00:00:00",,,"{5DCE9C8C-FB94-46F8-B82611658F6A3682}","02/08/24 10:01:37",2
838,"HL Road Frame - Black, 44","FR-R92B-44",-1,-1,"Black",500,375,868.6342,1431.5000,"44","CM ","LB ",2.12,1,"R ","H ","U ",14,6,"05/30/22 00:00:00",,,"{E4902656-A4BC-4B08-9D474F3DA0FD76C3}","02/08/24 10:01:37",2
839,"HL Road Frame - Black, 48","FR-R92B-48",-1,-1,"Black",500,375,868.6342,1431.5000,"48","CM ","LB ",2.16,1,"R ","H ","U ",14,6,"05/30/22 00:00:00",,,"{557B603B-407B-41A4-AE344F7747866DBA}","02/08/24 10:01:37",2
840,"HL Road Frame - Black, 52","FR-R92B-52",-1,-1,"Black",500,375,868.6342,1431.5000,"52","CM ","LB ",2.20,1,"R ","H ","U ",14,6,"05/30/22 00:00:00",,,"{0ED082B3-FBBA-43AF-91498741B9FC78C8}","02/08/24 10:01:37",2
841,"Men's Sports Shorts, S","SH-M897-S",0,-1,"Black",4,3,24.7459,59.9900,"S",,,,0,"S ",,"M ",22,13,"05/30/22 00:00:00","05/29/23 00:00:00",,"{34B08C1F-99D1-43C4-8EF72CD754B6665D}","02/08/24 10:01:37",3
842,"Touring-Panniers, Large","PA-T100",0,-1,"Grey",4,3,51.5625,125.0000,,,,,0,"T ",,,35,120,"05/30/22 00:00:00","05/29/23 00:00:00",,"{56334FFF-91D4-495E-BF98933BC1010F23}","02/08/24 10:01:37",4
843,"Cable Lock","LO-C100",0,-1,,4,3,10.3125,25.0000,,,,,0,"S ",,,34,115,"05/30/22 00:00:00","05/29/23 00:00:00",,"{56FFD7B9-1014-4640-B1BDB2649589B4D7}","02/08/24 10:01:37",4
844,"Minipump","PU-0452",0,-1,,4,3,8.2459,19.9900,,,,,0,"S ",,,36,116,"05/30/22 00:00:00","05/29/23 00:00:00",,"{AAF7A076-9EE3-46BF-A69F414D847E858B}","02/08/24 10:01:37",4
845,"Mountain Pump","PU-M044",0,-1,,4,3,10.3084,24.9900,,,,,0,"M ",,,36,117,"05/30/22 00:00:00","05/29/23 00:00:00",,"{57169F80-FAFB-4678-8F51FE1F131D0C83}","02/08/24 10:01:37",4
846,"Taillights - Battery-Powered","LT-T990",0,-1,,4,3,5.7709,13.9900,,,,,0,"R ",,,33,108,"05/30/22 00:00:00","05/29/23 00:00:00",,"{3C617B87-50A5-434C-A0D322314B7027EE}","02/08/24 10:01:37",4
847,"Headlights - Dual-Beam","LT-H902",0,-1,,4,3,14.4334,34.9900,,,,,0,"R ",,,33,109,"05/30/22 00:00:00","05/29/23 00:00:00",,"{417DB6CB-F38F-4B0D-87E7E1EBF7456C3A}","02/08/24 10:01:37",4
848,"Headlights - Weatherproof","LT-H903",0,-1,,4,3,18.5584,44.9900,,,,,0,"R ",,,33,110,"05/30/22 00:00:00","05/29/23 00:00:00",,"{FC362C1A-4B9C-4D5F-A6D30775846C61F0}","02/08/24 10:01:37",4
849,"Men's Sports Shorts, M","SH-M897-M",0,-1,"Black",4,3,24.7459,59.9900,"M",,,,0,"S ",,"M ",22,13,"05/30/22 00:00:00","05/29/23 00:00:00",,"{DB37B435-74B9-43D3-B363ABBEAD107BC4}","02/08/24 10:01:37",3
850,"Men's Sports Shorts, L","SH-M897-L",0,-1,"Black",4,3,24.7459,59.9900,"L",,,,0,"S ",,"M ",22,13,"05/30/22 00:00:00","05/29/23 00:00:00",,"{714184C5-669B-4CF1-A80230E7B1EA7722}","02/08/24 10:01:37",3
851,"Men's Sports Shorts, XL","SH-M897-X",0,-1,"Black",4,3,24.7459,59.9900,"XL",,,,0,"S ",,"M ",22,13,"05/30/22 00:00:00","05/29/23 00:00:00",,"{BD3FFE40-FE2E-44CB-A4E081786C3A751F}","02/08/24 10:01:37",3
852,"Women's Tights, S","TG-W091-S",0,-1,"Black",4,3,30.9334,74.9900,"S",,,,0,"S ",,"W ",24,38,"05/30/22 00:00:00","05/29/23 00:00:00",,"{7DE86C98-4F5B-4155-8572C977F14EBAEB}","02/08/24 10:01:37",3
853,"Women's Tights, M","TG-W091-M",0,-1,"Black",4,3,30.9334,74.9900,"M",,,,0,"S ",,"W ",24,38,"05/30/22 00:00:00","05/29/23 00:00:00",,"{4D8E186C-B8C9-4C64-B4114995DD87E316}","02/08/24 10:01:37",3
854,"Women's Tights, L","TG-W091-L",0,-1,"Black",4,3,30.9334,74.9900,"L",,,,0,"S ",,"W ",24,38,"05/30/22 00:00:00","05/29/23 00:00:00",,"{E378C2F3-54F6-4EA9-B049E8BB32B5BDFD}","02/08/24 10:01:37",3
855,"Men's Bib-Shorts, S","SB-M891-S",0,-1,"Multi",4,3,37.1209,89.9900,"S",,,,0,"S ",,"M ",18,12,"05/30/22 00:00:00","05/29/23 00:00:00",,"{9F60AF1E-4C11-4E90-BAEA48E834E8B4C2}","02/08/24 10:01:37",3
856,"Men's Bib-Shorts, M","SB-M891-M",0,-1,"Multi",4,3,37.1209,89.9900,"M",,,,0,"S ",,"M ",18,12,"05/30/22 00:00:00","05/29/23 00:00:00",,"{E0CBEC04-F4FC-450F-9780F8EA7691FEBD}","02/08/24 10:01:37",3
857,"Men's Bib-Shorts, L","SB-M891-L",0,-1,"Multi",4,3,37.1209,89.9900,"L",,,,0,"S ",,"M ",18,12,"05/30/22 00:00:00","05/29/23 00:00:00",,"{E1DF75A4-9986-489E-A5DEAD3DA824EB5E}","02/08/24 10:01:37",3
858,"Half-Finger Gloves, S","GL-H102-S",0,-1,"Black",4,3,9.1593,24.4900,"S",,,,0,"S ",,"U ",20,4,"05/30/22 00:00:00",,,"{9E1DB5C3-539D-4061-9433D762DC195CD8}","02/08/24 10:01:37",3
859,"Half-Finger Gloves, M","GL-H102-M",0,-1,"Black",4,3,9.1593,24.4900,"M",,,,0,"S ",,"U ",20,4,"05/30/22 00:00:00",,,"{9D458FD5-392D-4AB1-AFEF6A5548E48858}","02/08/24 10:01:37",3
860,"Half-Finger Gloves, L","GL-H102-L",0,-1,"Black",4,3,9.1593,24.4900,"L",,,,0,"S ",,"U ",20,4,"05/30/22 00:00:00",,,"{FA710215-925F-4959-81DF538E72A6A255}","02/08/24 10:01:37",3
861,"Full-Finger Gloves, S","GL-F110-S",0,-1,"Black",4,3,15.6709,37.9900,"S",,,,0,"M ",,"U ",20,3,"05/30/22 00:00:00","05/29/23 00:00:00",,"{76FAC097-1FB3-456B-8FB92C7A613771B4}","02/08/24 10:01:37",3
862,"Full-Finger Gloves, M","GL-F110-M",0,-1,"Black",4,3,15.6709,37.9900,"M",,,,0,"M ",,"U ",20,3,"05/30/22 00:00:00","05/29/23 00:00:00",,"{1084221E-1890-443E-9D87AFCAD6358355}","02/08/24 10:01:37",3
863,"Full-Finger Gloves, L","GL-F110-L",0,-1,"Black",4,3,15.6709,37.9900,"L",,,,0,"M ",,"U ",20,3,"05/30/22 00:00:00","05/29/23 00:00:00",,"{6116F9D4-8A1D-4022-A6429C445C197203}","02/08/24 10:01:37",3
864,"Classic Vest, S","VE-C304-S",0,-1,"Blue",4,3,23.7490,63.5000,"S",,,,0,"S ",,"U ",25,1,"05/30/23 00:00:00",,,"{EB423EF3-409D-46FE-B35BD69970820314}","02/08/24 10:01:37",3
865,"Classic Vest, M","VE-C304-M",0,-1,"Blue",4,3,23.7490,63.5000,"M",,,,0,"S ",,"U ",25,1,"05/30/23 00:00:00",,,"{2E52F96E-64A1-4069-911CE3FD6E094A1E}","02/08/24 10:01:37",3
866,"Classic Vest, L","VE-C304-L",0,-1,"Blue",4,3,23.7490,63.5000,"L",,,,0,"S ",,"U ",25,1,"05/30/23 00:00:00",,,"{3211F5A8-B6C4-48BD-9AA4D69CB40D97DD}","02/08/24 10:01:37",3
867,"Women's Mountain Shorts, S","SH-W890-S",0,-1,"Black",4,3,26.1763,69.9900,"S",,,,0,"M ",,"W ",22,37,"05/30/23 00:00:00",,,"{22616FD2-B99F-4F7D-ACF633DFF66D42D2}","02/08/24 10:01:37",3
868,"Women's Mountain Shorts, M","SH-W890-M",0,-1,"Black",4,3,26.1763,69.9900,"M",,,,0,"M ",,"W ",22,37,"05/30/23 00:00:00",,,"{968E3610-E583-42E8-8AB6484A799B1774}","02/08/24 10:01:37",3
869,"Women's Mountain Shorts, L","SH-W890-L",0,-1,"Black",4,3,26.1763,69.9900,"L",,,,0,"M ",,"W ",22,37,"05/30/23 00:00:00",,,"{1A66B244-5CA0-4153-B539AE048D14FAEC}","02/08/24 10:01:37",3
870,"Water Bottle - 30 oz.","WB-H098",0,-1,,4,3,1.8663,4.9900,,,,,0,"S ",,,28,111,"05/30/23 00:00:00",,,"{834E8D1A-69A7-4C42-8B68FA08D9EC9E5B}","02/08/24 10:01:37",4
871,"Mountain Bottle Cage","BC-M005",0,-1,,4,3,3.7363,9.9900,,,,,0,"M ",,,28,112,"05/30/23 00:00:00",,,"{684491DE-63F8-4632-90E336773C4E63BD}","02/08/24 10:01:37",4
872,"Road Bottle Cage","BC-R205",0,-1,,4,3,3.3623,8.9900,,,,,0,"R ",,,28,113,"05/30/23 00:00:00",,,"{601B1FE8-D4D0-4CFB-937929481CC05291}","02/08/24 10:01:37",4
873,"Patch Kit/8 Patches","PK-7098",0,-1,,4,3,0.8565,2.2900,,,,,0,"S ",,,37,114,"05/30/23 00:00:00",,,"{36E638E4-68DF-411B-930ADAAD57221AA6}","02/08/24 10:01:37",4
874,"Racing Socks, M","SO-R809-M",0,-1,"White",4,3,3.3623,8.9900,"M",,,,0,"R ",,"U ",23,24,"05/30/23 00:00:00",,,"{B9C7EB0A-1DD1-4A1D-B4C31DAD83A8EA7E}","02/08/24 10:01:37",3
875,"Racing Socks, L","SO-R809-L",0,-1,"White",4,3,3.3623,8.9900,"L",,,,0,"R ",,"U ",23,24,"05/30/23 00:00:00",,,"{C0A16305-74B7-4FAE-B5C93E8BD0E44762}","02/08/24 10:01:37",3
876,"Hitch Rack - 4-Bike","RA-H123",0,-1,,4,3,44.8800,120.0000,,,,,0,"S ",,,26,118,"05/30/23 00:00:00",,,"{7A0C4BBD-9679-4F59-9EBC9DAF3439A38A}","02/08/24 10:01:37",4
877,"Bike Wash - Dissolver","CL-9009",0,-1,,4,3,2.9733,7.9500,,,,,0,"S ",,,29,119,"05/30/23 00:00:00",,,"{3C40B5AD-E328-4715-88A7EC3220F02ACF}","02/08/24 10:01:37",4
878,"Fender Set - Mountain","FE-6654",0,-1,,4,3,8.2205,21.9800,,,,,0,"M ",,,30,121,"05/30/23 00:00:00",,,"{E6E76C7F-C145-4CAD-A9E8B1E4E845A2C0}","02/08/24 10:01:37",4
879,"All-Purpose Bike Stand","ST-1401",0,-1,,4,3,59.4660,159.0000,,,,,0,"M ",,,27,122,"05/30/23 00:00:00",,,"{C7BB564B-A637-40F5-B21BCBF7E4F713BE}","02/08/24 10:01:37",4
880,"Hydration Pack - 70 oz.","HY-1023-70",0,-1,"Silver",4,3,20.5663,54.9900,"70",,,,0,"S ",,,32,107,"05/30/23 00:00:00",,,"{A99D90C0-05E2-4E44-AD90C55C9F0784DE}","02/08/24 10:01:37",4
881,"Short-Sleeve Classic Jersey, S","SJ-0194-S",0,-1,"Yellow",4,3,41.5723,53.9900,"S",,,,0,"S ",,"U ",21,32,"05/30/23 00:00:00",,,"{05B2E20F-2399-4CB3-9B49B28D6649C104}","02/08/24 10:01:37",3
882,"Short-Sleeve Classic Jersey, M","SJ-0194-M",0,-1,"Yellow",4,3,41.5723,53.9900,"M",,,,0,"S ",,"U ",21,32,"05/30/23 00:00:00",,,"{BBBF003B-367D-4D71-AF7110F50B6234A0}","02/08/24 10:01:37",3
883,"Short-Sleeve Classic Jersey, L","SJ-0194-L",0,-1,"Yellow",4,3,41.5723,53.9900,"L",,,,0,"S ",,"U ",21,32,"05/30/23 00:00:00",,,"{2D9F59B8-9F24-46EB-98AD553E48BB9DB9}","02/08/24 10:01:37",3
884,"Short-Sleeve Classic Jersey, XL","SJ-0194-X",0,-1,"Yellow",4,3,41.5723,53.9900,"XL",,,,0,"S ",,"U ",21,32,"05/30/23 00:00:00",,,"{906D42F6-C21F-4D20-B52802FFDB55FD1E}","02/08/24 10:01:37",3
885,"HL Touring Frame - Yellow, 60","FR-T98Y-60",-1,-1,"Yellow",500,375,601.7437,1003.9100,"60","CM ","LB ",3.08,1,"T ","H ","U ",16,7,"05/30/23 00:00:00",,,"{C49679BD-96A9-4176-A7ED5BC6D6444647}","02/08/24 10:01:37",2
886,"LL Touring Frame - Yellow, 62","FR-T67Y-62",-1,-1,"Yellow",500,375,199.8519,333.4200,"62","CM ","LB ",3.20,1,"T ","L ","U ",16,10,"05/30/23 00:00:00",,,"{8D4D52A6-8ABC-4C05-BE4DC067FAF1A64E}","02/08/24 10:01:37",2
887,"HL Touring Frame - Yellow, 46","FR-T98Y-46",-1,-1,"Yellow",500,375,601.7437,1003.9100,"46","CM ","LB ",2.96,1,"T ","H ","U ",16,7,"05/30/23 00:00:00",,,"{137675A7-34CD-4B7A-ABE14E0EEB79B65D}","02/08/24 10:01:37",2
888,"HL Touring Frame - Yellow, 50","FR-T98Y-50",-1,-1,"Yellow",500,375,601.7437,1003.9100,"50","CM ","LB ",3.00,1,"T ","H ","U ",16,7,"05/30/23 00:00:00",,,"{105EC6E5-30C5-4FE3-A08BCB324C85323D}","02/08/24 10:01:37",2
889,"HL Touring Frame - Yellow, 54","FR-T98Y-54",-1,-1,"Yellow",500,375,601.7437,1003.9100,"54","CM ","LB ",3.04,1,"T ","H ","U ",16,7,"05/30/23 00:00:00",,,"{12B1F317-C39B-48D0-B1A78018C60AEA53}","02/08/24 10:01:37",2
890,"HL Touring Frame - Blue, 46","FR-T98U-46",-1,-1,"Blue",500,375,601.7437,1003.9100,"46","CM ","LB ",2.96,1,"T ","H ","U ",16,7,"05/30/23 00:00:00",,,"{8BBD3437-A58B-41A0-9503FC14B23E7678}","02/08/24 10:01:37",2
891,"HL Touring Frame - Blue, 50","FR-T98U-50",-1,-1,"Blue",500,375,601.7437,1003.9100,"50","CM ","LB ",3.00,1,"T ","H ","U ",16,7,"05/30/23 00:00:00",,,"{C4244F0C-ABCE-451B-A89583C0E6D1F448}","02/08/24 10:01:37",2
892,"HL Touring Frame - Blue, 54","FR-T98U-54",-1,-1,"Blue",500,375,601.7437,1003.9100,"54","CM ","LB ",3.04,1,"T ","H ","U ",16,7,"05/30/23 00:00:00",,,"{E9AAE947-6BC3-4909-89373E1CDCEC8A8F}","02/08/24 10:01:37",2
893,"HL Touring Frame - Blue, 60","FR-T98U-60",-1,-1,"Blue",500,375,601.7437,1003.9100,"60","CM ","LB ",3.08,1,"T ","H ","U ",16,7,"05/30/23 00:00:00",,,"{B01951A4-A581-4D10-9DC2515DA180F1B8}","02/08/24 10:01:37",2
894,"Rear Derailleur","RD-2308",-1,-1,"Silver",500,375,53.9282,121.4600,,,"G  ",215.00,1,,,,9,127,"05/30/23 00:00:00",,,"{5EBFCF02-4E3E-443A-AD605AEEF28DAC76}","02/08/24 10:01:37",2
895,"LL Touring Frame - Blue, 50","FR-T67U-50",-1,-1,"Blue",500,375,199.8519,333.4200,"50","CM ","LB ",3.10,1,"T ","L ","U ",16,10,"05/30/23 00:00:00",,,"{B78ECCCA-FA88-4071-9110410585127E46}","02/08/24 10:01:37",2
896,"LL Touring Frame - Blue, 54","FR-T67U-54",-1,-1,"Blue",500,375,199.8519,333.4200,"54","CM ","LB ",3.14,1,"T ","L ","U ",16,10,"05/30/23 00:00:00",,,"{0FF799C9-DD11-4B81-AAF765410017405B}","02/08/24 10:01:37",2
897,"LL Touring Frame - Blue, 58","FR-T67U-58",-1,-1,"Blue",500,375,199.8519,333.4200,"58","CM ","LB ",3.16,1,"T ","L ","U ",16,10,"05/30/23 00:00:00",,,"{CCD4FA47-7194-4BD0-909B1FA4BD7916A7}","02/08/24 10:01:37",2
898,"LL Touring Frame - Blue, 62","FR-T67U-62",-1,-1,"Blue",500,375,199.8519,333.4200,"62","CM ","LB ",3.20,1,"T ","L ","U ",16,10,"05/30/23 00:00:00",,,"{08A211A5-DCD2-42D0-927664D92D4890A6}","02/08/24 10:01:37",2
899,"LL Touring Frame - Yellow, 44","FR-T67Y-44",-1,-1,"Yellow",500,375,199.8519,333.4200,"44","CM ","LB ",3.02,1,"T ","L ","U ",16,10,"05/30/23 00:00:00",,,"{109CB7BC-6EC6-4A36-85C855B843B2AB12}","02/08/24 10:01:37",2
900,"LL Touring Frame - Yellow, 50","FR-T67Y-50",-1,-1,"Yellow",500,375,199.8519,333.4200,"50","CM ","LB ",3.10,1,"T ","L ","U ",16,10,"05/30/23 00:00:00",,,"{285FD682-C647-49D1-B8F3368A43C9CDA0}","02/08/24 10:01:37",2
901,"LL Touring Frame - Yellow, 54","FR-T67Y-54",-1,-1,"Yellow",500,375,199.8519,333.4200,"54","CM ","LB ",3.14,1,"T ","L ","U ",16,10,"05/30/23 00:00:00",,,"{2536E3B2-D4DA-49E6-965AF612C2C8914F}","02/08/24 10:01:37",2
902,"LL Touring Frame - Yellow, 58","FR-T67Y-58",-1,-1,"Yellow",500,375,199.8519,333.4200,"58","CM ","LB ",3.16,1,"T ","L ","U ",16,10,"05/30/23 00:00:00",,,"{5D17FF1C-F50E-438F-A4E97C400FB762E7}","02/08/24 10:01:37",2
903,"LL Touring Frame - Blue, 44","FR-T67U-44",-1,-1,"Blue",500,375,199.8519,333.4200,"44","CM ","LB ",3.02,1,"T ","L ","U ",16,10,"05/30/23 00:00:00",,,"{E9C17BE7-F4DC-465E-AB73C0198F37BFDD}","02/08/24 10:01:37",2
904,"ML Mountain Frame-W - Silver, 40","FR-M63S-40",-1,-1,"Silver",500,375,199.3757,364.0900,"40","CM ","LB ",2.77,1,"M ","M ","W ",12,15,"05/30/23 00:00:00",,,"{A7DDE43E-F7D5-4075-A0C1C866AD7AA154}","02/08/24 10:01:37",2
905,"ML Mountain Frame-W - Silver, 42","FR-M63S-42",-1,-1,"Silver",500,375,199.3757,364.0900,"42","CM ","LB ",2.81,1,"M ","M ","W ",12,15,"05/30/23 00:00:00",,,"{D4A2FCAD-1E63-4EBD-863C5A7C48D5B8D9}","02/08/24 10:01:37",2
906,"ML Mountain Frame-W - Silver, 46","FR-M63S-46",-1,-1,"Silver",500,375,199.3757,364.0900,"46","CM ","LB ",2.85,1,"M ","M ","W ",12,15,"05/30/23 00:00:00",,,"{82025C63-7B28-412D-92C1408E0E6AE646}","02/08/24 10:01:37",2
907,"Rear Brakes","RB-9231",0,-1,"Silver",500,375,47.2860,106.5000,,,"G  ",317.00,1,,,,6,128,"05/30/23 00:00:00",,,"{5946F163-93F0-4141-B17E55D9778CC274}","02/08/24 10:01:37",2
908,"LL Mountain Seat/Saddle","SE-M236",0,-1,,500,375,12.0413,27.1200,,,,,1,"M ","L ",,15,79,"05/30/23 00:00:00",,,"{4DAB53C5-31E7-47D6-A5A0940F8D4DAD22}","02/08/24 10:01:37",2
909,"ML Mountain Seat/Saddle","SE-M798",0,-1,,500,375,17.3782,39.1400,,,,,1,"M ","M ",,15,80,"05/30/23 00:00:00",,,"{30222244-0FD8-4D28-8448F2E658BF52BD}","02/08/24 10:01:37",2
910,"HL Mountain Seat/Saddle","SE-M940",0,-1,,500,375,23.3722,52.6400,,,,,1,"M ","H ",,15,81,"05/30/23 00:00:00",,,"{A96A5024-87DE-488A-BF81BC0C81F6CD18}","02/08/24 10:01:37",2
911,"LL Road Seat/Saddle","SE-R581",0,-1,,500,375,12.0413,27.1200,,,,,1,"R ","L ",,15,82,"05/30/23 00:00:00",,,"{31B9BC62-792B-4E7A-A24D411DC76E0271}","02/08/24 10:01:37",2
912,"ML Road Seat/Saddle","SE-R908",0,-1,,500,375,17.3782,39.1400,,,,,1,"T ","M ",,15,83,"05/30/23 00:00:00",,,"{49845AFE-A8CC-4354-A5D409D35BF7FB9E}","02/08/24 10:01:37",2
913,"HL Road Seat/Saddle","SE-R995",0,-1,,500,375,23.3722,52.6400,,,,,1,"R ","H ",,15,84,"05/30/23 00:00:00",,,"{2BEFE629-4B2A-41A1-A009DF13EAD69105}","02/08/24 10:01:37",2
914,"LL Touring Seat/Saddle","SE-T312",0,-1,,500,375,12.0413,27.1200,,,,,1,"T ","L ",,15,66,"05/30/23 00:00:00",,,"{7874A1D6-7A5B-412F-A2EBC2F457B9603D}","02/08/24 10:01:37",2
915,"ML Touring Seat/Saddle","SE-T762",0,-1,,500,375,17.3782,39.1400,,,,,1,"T ","M ",,15,65,"05/30/23 00:00:00",,,"{072ACB72-7796-4BD0-9BBB6EFC29AC336C}","02/08/24 10:01:37",2
916,"HL Touring Seat/Saddle","SE-T924",0,-1,,500,375,23.3722,52.6400,,,,,1,"T ","H ",,15,67,"05/30/23 00:00:00",,,"{0E158724-934D-4A64-991F94FEC00BDEA8}","02/08/24 10:01:37",2
917,"LL Mountain Frame - Silver, 42","FR-M21S-42",-1,-1,"Silver",500,375,144.5938,264.0500,"42","CM ","LB ",2.92,1,"M ","L ","U ",12,8,"05/30/23 00:00:00",,,"{37BD4D2B-346B-4C6B-8F3F85C084282529}","02/08/24 10:01:37",2
918,"LL Mountain Frame - Silver, 44","FR-M21S-44",-1,-1,"Silver",500,375,144.5938,264.0500,"44","CM ","LB ",2.96,1,"M ","L ","U ",12,8,"05/30/23 00:00:00",,,"{393A4D00-7428-41F0-A48AAF26B00E9A9C}","02/08/24 10:01:37",2
919,"LL Mountain Frame - Silver, 48","FR-M21S-48",-1,-1,"Silver",500,375,144.5938,264.0500,"48","CM ","LB ",3.00,1,"M ","L ","U ",12,8,"05/30/23 00:00:00",,,"{8DFEF6F2-91A8-4884-8949B2551218B37A}","02/08/24 10:01:37",2
920,"LL Mountain Frame - Silver, 52","FR-M21S-52",-1,-1,"Silver",500,375,144.5938,264.0500,"52","CM ","LB ",3.04,1,"M ","L ","U ",12,8,"05/30/23 00:00:00",,,"{F230BAAC-5951-4EB1-B1E894C2CA2B37FA}","02/08/24 10:01:37",2
921,"Mountain Tire Tube","TT-M928",0,-1,,500,375,1.8663,4.9900,,,,,0,"M ",,,37,92,"05/30/23 00:00:00",,,"{01A8C3FC-ED52-458E-A634D5B6E2ACCFED}","02/08/24 10:01:37",4
922,"Road Tire Tube","TT-R982",0,-1,,500,375,1.4923,3.9900,,,,,0,"R ",,,37,93,"05/30/23 00:00:00",,,"{EA442BD7-F69B-42D9-AA7195E10B648F52}","02/08/24 10:01:37",4
923,"Touring Tire Tube","TT-T092",0,-1,,500,375,1.8663,4.9900,,,,,0,"T ",,,37,94,"05/30/23 00:00:00",,,"{179FEC38-CAB5-4A47-BCFF31CFC9E43A3C}","02/08/24 10:01:37",4
924,"LL Mountain Frame - Black, 42","FR-M21B-42",-1,-1,"Black",500,375,136.7850,249.7900,"42","CM ","LB ",2.92,1,"M ","L ","U ",12,8,"05/30/23 00:00:00",,,"{FAABD7FB-CB35-4BAD-8857EC71468686AD}","02/08/24 10:01:37",2
925,"LL Mountain Frame - Black, 44","FR-M21B-44",-1,-1,"Black",500,375,136.7850,249.7900,"44","CM ","LB ",2.96,1,"M ","L ","U ",12,8,"05/30/23 00:00:00",,,"{47AB0300-7B55-4D35-A78680190976B9B5}","02/08/24 10:01:37",2
926,"LL Mountain Frame - Black, 48","FR-M21B-48",-1,-1,"Black",500,375,136.7850,249.7900,"48","CM ","LB ",3.00,1,"M ","L ","U ",12,8,"05/30/23 00:00:00",,,"{408435AA-15C0-41E5-981F32A8226AF15F}","02/08/24 10:01:37",2
927,"LL Mountain Frame - Black, 52","FR-M21B-52",-1,-1,"Black",500,375,136.7850,249.7900,"52","CM ","LB ",3.04,1,"M ","L ","U ",12,8,"05/30/23 00:00:00",,,"{4800F4E6-99EA-4AFD-A3922CB05265D0D4}","02/08/24 10:01:37",2
928,"LL Mountain Tire","TI-M267",0,-1,,500,375,9.3463,24.9900,,,,,0,"M ","L ",,37,85,"05/30/23 00:00:00",,,"{76060A93-949C-48EA-9B31A593D6C14983}","02/08/24 10:01:37",4
929,"ML Mountain Tire","TI-M602",0,-1,,500,375,11.2163,29.9900,,,,,0,"M ","M ",,37,86,"05/30/23 00:00:00",,,"{DAFF9E11-6254-432D-8C4FF06E52687184}","02/08/24 10:01:37",4
930,"HL Mountain Tire","TI-M823",0,-1,,500,375,13.0900,35.0000,,,,,0,"M ","H ",,37,87,"05/30/23 00:00:00",,,"{DDAD25F5-0445-4B5C-84666446930AD8B8}","02/08/24 10:01:37",4
931,"LL Road Tire","TI-R092",0,-1,,500,375,8.0373,21.4900,,,,,0,"R ","L ",,37,88,"05/30/23 00:00:00",,,"{15B569A6-D172-42C2-A42062AB5946CC80}","02/08/24 10:01:37",4
932,"ML Road Tire","TI-R628",0,-1,,500,375,9.3463,24.9900,,,,,0,"R ","M ",,37,89,"05/30/23 00:00:00",,,"{D1016CC5-C12B-4F05-915C70FA062E4A64}","02/08/24 10:01:37",4
933,"HL Road Tire","TI-R982",0,-1,,500,375,12.1924,32.6000,,,,,0,"R ","H ",,37,90,"05/30/23 00:00:00",,,"{C86DE56A-5048-4B89-B7C756BC75C9BCEE}","02/08/24 10:01:37",4
934,"Touring Tire","TI-T723",0,-1,,500,375,10.8423,28.9900,,,,,0,"T ",,,37,91,"05/30/23 00:00:00",,,"{9D5CA300-5302-41E1-BCA58CE5B93F26A5}","02/08/24 10:01:37",4
935,"LL Mountain Pedal","PD-M282",0,-1,"Silver/Black",500,375,17.9776,40.4900,,,"G  ",218.00,1,"M ","L ",,13,62,"05/30/23 00:00:00",,,"{9FDD0C65-B2B0-4C6C-87043A9747BE5174}","02/08/24 10:01:37",2
936,"ML Mountain Pedal","PD-M340",0,-1,"Silver/Black",500,375,27.5680,62.0900,,,"G  ",215.00,1,"M ","M ",,13,63,"05/30/23 00:00:00",,,"{274C86DC-439E-4469-9DE87E9BD6455D0D}","02/08/24 10:01:37",2
937,"HL Mountain Pedal","PD-M562",0,-1,"Silver/Black",500,375,35.9596,80.9900,,,"G  ",185.00,1,"M ","H ",,13,64,"05/30/23 00:00:00",,,"{A05464E8-6B4D-42B3-A4D68683136F4B66}","02/08/24 10:01:37",2
938,"LL Road Pedal","PD-R347",0,-1,"Silver/Black",500,375,17.9776,40.4900,,,"G  ",189.00,1,"R ","L ",,13,68,"05/30/23 00:00:00",,,"{2C7DD8C3-4C55-475F-BA58F4BACA520D72}","02/08/24 10:01:37",2
939,"ML Road Pedal","PD-R563",0,-1,"Silver/Black",500,375,27.5680,62.0900,,,"G  ",168.00,1,"R ","M ",,13,69,"05/30/23 00:00:00",,,"{216AD46F-BC3F-4862-B0E92E261E5A6059}","02/08/24 10:01:37",2
940,"HL Road Pedal","PD-R853",0,-1,"Silver/Black",500,375,35.9596,80.9900,,,"G  ",149.00,1,"R ","H ",,13,70,"05/30/23 00:00:00",,,"{44E96967-AB99-41ED-8B415BC70A5CA1A9}","02/08/24 10:03:56",2
941,"Touring Pedal","PD-T852",0,-1,"Silver/Black",500,375,35.9596,80.9900,,,,,1,"T ",,,13,53,"05/30/23 00:00:00",,,"{6967C816-3EBB-45FA-8547CEF00E08573E}","02/08/24 10:01:37",2
942,"ML Mountain Frame-W - Silver, 38","FR-M63S-38",-1,-1,"Silver",500,375,199.3757,364.0900,"38","CM ","LB ",2.73,2,"M ","M ","W ",12,15,"05/30/23 00:00:00",,,"{BA3646B0-1487-426E-AB4E57D42E6F9233}","02/08/24 10:01:37",2
943,"LL Mountain Frame - Black, 40","FR-M21B-40",-1,-1,"Black",500,375,136.7850,249.7900,"40","CM ","LB ",2.88,2,"M ","L ","U ",12,8,"05/30/23 00:00:00",,,"{3050E4DF-2BBA-4C2B-BDCCB4C89972DB1C}","02/08/24 10:01:37",2
944,"LL Mountain Frame - Silver, 40","FR-M21S-40",-1,-1,"Silver",500,375,144.5938,264.0500,"40","CM ","LB ",2.88,2,"M ","L ","U ",12,8,"05/30/23 00:00:00",,,"{756F862E-40CC-4DFC-B189716D0DDA5FF9}","02/08/24 10:01:37",2
945,"Front Derailleur","FD-2342",-1,-1,"Silver",500,375,40.6216,91.4900,,,"G  ",88.00,1,,,,9,103,"05/30/23 00:00:00",,,"{448E9E7B-9548-4A4C-ABB3853686AA7517}","02/08/24 10:01:37",2
946,"LL Touring Handlebars","HB-T721",-1,-1,,500,375,20.4640,46.0900,,,,,1,"T ","L ",,4,47,"05/30/23 00:00:00",,,"{A2F1352E-45D0-42C4-AEF360033073BB66}","02/08/24 10:01:37",2
947,"HL Touring Handlebars","HB-T928",-1,-1,,500,375,40.6571,91.5700,,,,,1,"T ","H ",,4,48,"05/30/23 00:00:00",,,"{CB524E92-4FA8-4F6C-999360796856C654}","02/08/24 10:01:37",2
948,"Front Brakes","FB-9873",0,-1,"Silver",500,375,47.2860,106.5000,,,"G  ",317.00,1,,,,6,102,"05/30/23 00:00:00",,,"{C1813164-1B4B-42D1-90074E5F9AEE0E19}","02/08/24 10:01:37",2
949,"LL Crankset","CS-4759",-1,-1,"Black",500,375,77.9176,175.4900,,,"G  ",600.00,1,,"L ",,8,99,"05/30/23 00:00:00",,,"{41D47371-4374-46D3-8D61B07616EC54F0}","02/08/24 10:01:37",2
950,"ML Crankset","CS-6583",-1,-1,"Black",500,375,113.8816,256.4900,,,"G  ",635.00,1,,"M ",,8,100,"05/30/23 00:00:00",,,"{D3A7A02C-A3D5-4A04-94540C4E43772B78}","02/08/24 10:01:37",2
951,"HL Crankset","CS-9183",-1,-1,"Black",500,375,179.8156,404.9900,,,"G  ",575.00,1,,"H ",,8,101,"05/30/23 00:00:00",,,"{2C4A8956-7B72-48FE-B028699E117B1DAA}","02/08/24 10:01:37",2
952,"Chain","CH-0234",0,-1,"Silver",500,375,8.9866,20.2400,,,,,1,,,,7,98,"05/30/23 00:00:00",,,"{5D27E2A5-27EC-4CCB-BA2CFC980FFE6708}","02/08/24 10:01:37",2
953,"Touring-2000 Blue, 60","BK-T44U-60",-1,-1,"Blue",100,75,755.1508,1214.8500,"60","CM ","LB ",27.90,4,"T ","M ","U ",3,35,"05/30/23 00:00:00",,,"{F1BB3957-8D27-47F3-91ECC71822D11436}","02/08/24 10:01:37",1
954,"Touring-1000 Yellow, 46","BK-T79Y-46",-1,-1,"Yellow",100,75,1481.9379,2384.0700,"46","CM ","LB ",25.13,4,"T ","H ","U ",3,34,"05/30/23 00:00:00",,,"{83B77413-8C8A-4AF1-93E4136EDB7FF15F}","02/08/24 10:01:37",1
955,"Touring-1000 Yellow, 50","BK-T79Y-50",-1,-1,"Yellow",100,75,1481.9379,2384.0700,"50","CM ","LB ",25.42,4,"T ","H ","U ",3,34,"05/30/23 00:00:00",,,"{5EC991AD-8761-4A61-A318312DF3A78604}","02/08/24 10:01:37",1
956,"Touring-1000 Yellow, 54","BK-T79Y-54",-1,-1,"Yellow",100,75,1481.9379,2384.0700,"54","CM ","LB ",25.68,4,"T ","H ","U ",3,34,"05/30/23 00:00:00",,,"{1220B0F0-064D-46B7-85071FA758B77B9C}","02/08/24 10:01:37",1
957,"Touring-1000 Yellow, 60","BK-T79Y-60",-1,-1,"Yellow",100,75,1481.9379,2384.0700,"60","CM ","LB ",25.90,4,"T ","H ","U ",3,34,"05/30/23 00:00:00",,,"{BCD1A5A9-6140-4DC9-9620689DC7E4C155}","02/08/24 10:01:37",1
958,"Touring-3000 Blue, 54","BK-T18U-54",-1,-1,"Blue",100,75,461.4448,742.3500,"54","CM ","LB ",29.68,4,"T ","L ","U ",3,36,"05/30/23 00:00:00",,,"{A3EE6897-52FE-42E4-92EC7A91E7BB905A}","02/08/24 10:01:37",1
959,"Touring-3000 Blue, 58","BK-T18U-58",-1,-1,"Blue",100,75,461.4448,742.3500,"58","CM ","LB ",29.90,4,"T ","L ","U ",3,36,"05/30/23 00:00:00",,,"{23D89CEE-9F44-4F3E-B28963DE6BA2B737}","02/08/24 10:01:37",1
960,"Touring-3000 Blue, 62","BK-T18U-62",-1,-1,"Blue",100,75,461.4448,742.3500,"62","CM ","LB ",30.00,4,"T ","L ","U ",3,36,"05/30/23 00:00:00",,,"{060192C9-BCD9-4260-B729D6BCFADFB08E}","02/08/24 10:01:37",1
961,"Touring-3000 Yellow, 44","BK-T18Y-44",-1,-1,"Yellow",100,75,461.4448,742.3500,"44","CM ","LB ",28.77,4,"T ","L ","U ",3,36,"05/30/23 00:00:00",,,"{5646C15A-68AD-4234-B328254706CBCCC5}","02/08/24 10:01:37",1
962,"Touring-3000 Yellow, 50","BK-T18Y-50",-1,-1,"Yellow",100,75,461.4448,742.3500,"50","CM ","LB ",29.13,4,"T ","L ","U ",3,36,"05/30/23 00:00:00",,,"{DF85E805-AF87-4FAB-A668C80F2A5B8A69}","02/08/24 10:01:37",1
963,"Touring-3000 Yellow, 54","BK-T18Y-54",-1,-1,"Yellow",100,75,461.4448,742.3500,"54","CM ","LB ",29.42,4,"T ","L ","U ",3,36,"05/30/23 00:00:00",,,"{192BECD1-F465-4194-88A2EE57FED3A3C5}","02/08/24 10:01:37",1
964,"Touring-3000 Yellow, 58","BK-T18Y-58",-1,-1,"Yellow",100,75,461.4448,742.3500,"58","CM ","LB ",29.79,4,"T ","L ","U ",3,36,"05/30/23 00:00:00",,,"{BED79F64-A53D-44A3-ACE82BAA425A5A54}","02/08/24 10:01:37",1
965,"Touring-3000 Yellow, 62","BK-T18Y-62",-1,-1,"Yellow",100,75,461.4448,742.3500,"62","CM ","LB ",30.00,4,"T ","L ","U ",3,36,"05/30/23 00:00:00",,,"{D28B3872-5173-40A4-B12F655524386CC7}","02/08/24 10:01:37",1
966,"Touring-1000 Blue, 46","BK-T79U-46",-1,-1,"Blue",100,75,1481.9379,2384.0700,"46","CM ","LB ",25.13,4,"T ","H ","U ",3,34,"05/30/23 00:00:00",,,"{86990D54-6EFB-4C53-99746C3B0297E222}","02/08/24 10:01:37",1
967,"Touring-1000 Blue, 50","BK-T79U-50",-1,-1,"Blue",100,75,1481.9379,2384.0700,"50","CM ","LB ",25.42,4,"T ","H ","U ",3,34,"05/30/23 00:00:00",,,"{68C0A818-2985-46EB-82550FB70919FA24}","02/08/24 10:01:37",1
968,"Touring-1000 Blue, 54","BK-T79U-54",-1,-1,"Blue",100,75,1481.9379,2384.0700,"54","CM ","LB ",25.68,4,"T ","H ","U ",3,34,"05/30/23 00:00:00",,,"{12280A8C-7578-4367-BA71214BCC1E4792}","02/08/24 10:01:37",1
969,"Touring-1000 Blue, 60","BK-T79U-60",-1,-1,"Blue",100,75,1481.9379,2384.0700,"60","CM ","LB ",25.90,4,"T ","H ","U ",3,34,"05/30/23 00:00:00",,,"{DD70CF36-449A-43FD-839DA84EE14C849A}","02/08/24 10:01:37",1
970,"Touring-2000 Blue, 46","BK-T44U-46",-1,-1,"Blue",100,75,755.1508,1214.8500,"46","CM ","LB ",27.13,4,"T ","M ","U ",3,35,"05/30/23 00:00:00",,,"{C0009006-715F-4B76-A05A1A0D3ADFB49A}","02/08/24 10:01:37",1
971,"Touring-2000 Blue, 50","BK-T44U-50",-1,-1,"Blue",100,75,755.1508,1214.8500,"50","CM ","LB ",27.42,4,"T ","M ","U ",3,35,"05/30/23 00:00:00",,,"{84ABDA8F-0007-4BCA-9A61B2DEA58866C3}","02/08/24 10:01:37",1
972,"Touring-2000 Blue, 54","BK-T44U-54",-1,-1,"Blue",100,75,755.1508,1214.8500,"54","CM ","LB ",27.68,4,"T ","M ","U ",3,35,"05/30/23 00:00:00",,,"{6DCFE2A3-3555-44E4-91166F6DBE448B8B}","02/08/24 10:01:37",1
973,"Road-350-W Yellow, 40","BK-R79Y-40",-1,-1,"Yellow",100,75,1082.5100,1700.9900,"40","CM ","LB ",15.35,4,"R ","M ","W ",2,27,"05/30/23 00:00:00",,,"{237B16D9-53F2-4FD4-BEFE48209E57AEC3}","02/08/24 10:01:37",1
974,"Road-350-W Yellow, 42","BK-R79Y-42",-1,-1,"Yellow",100,75,1082.5100,1700.9900,"42","CM ","LB ",15.77,4,"R ","M ","W ",2,27,"05/30/23 00:00:00",,,"{80BD3F8B-42C7-43D8-91F59FB6175287AF}","02/08/24 10:01:37",1
975,"Road-350-W Yellow, 44","BK-R79Y-44",-1,-1,"Yellow",100,75,1082.5100,1700.9900,"44","CM ","LB ",16.13,4,"R ","M ","W ",2,27,"05/30/23 00:00:00",,,"{0C61E8AF-003D-4E4B-B5B702F01A26BE26}","02/08/24 10:01:37",1
976,"Road-350-W Yellow, 48","BK-R79Y-48",-1,-1,"Yellow",100,75,1082.5100,1700.9900,"48","CM ","LB ",16.42,4,"R ","M ","W ",2,27,"05/30/23 00:00:00",,,"{EC4284DC-85FA-44A8-89EC77FC9B71720A}","02/08/24 10:01:37",1
977,"Road-750 Black, 58","BK-R19B-58",-1,-1,"Black",100,75,343.6496,539.9900,"58","CM ","LB ",20.79,4,"R ","L ","U ",2,31,"05/30/23 00:00:00",,,"{87B81A1A-A5B5-43D2-A20D0230800490B9}","02/08/24 10:01:37",1
978,"Touring-3000 Blue, 44","BK-T18U-44",-1,-1,"Blue",100,75,461.4448,742.3500,"44","CM ","LB ",28.77,4,"T ","L ","U ",3,36,"05/30/23 00:00:00",,,"{4F638E15-2ED0-4193-90CE47DA580E01DD}","02/08/24 10:01:37",1
979,"Touring-3000 Blue, 50","BK-T18U-50",-1,-1,"Blue",100,75,461.4448,742.3500,"50","CM ","LB ",29.13,4,"T ","L ","U ",3,36,"05/30/23 00:00:00",,,"{DE305B62-88FC-465B-B23DD8C0F7E6D361}","02/08/24 10:01:37",1
980,"Mountain-400-W Silver, 38","BK-M38S-38",-1,-1,"Silver",100,75,419.7784,769.4900,"38","CM ","LB ",26.35,4,"M ","M ","W ",1,22,"05/30/23 00:00:00",,,"{7A927632-99A4-4F24-ADCE0062D2D113D9}","02/08/24 10:01:37",1
981,"Mountain-400-W Silver, 40","BK-M38S-40",-1,-1,"Silver",100,75,419.7784,769.4900,"40","CM ","LB ",26.77,4,"M ","M ","W ",1,22,"05/30/23 00:00:00",,,"{0A72791C-A984-4733-AE4E2B4373CFD7CD}","02/08/24 10:01:37",1
982,"Mountain-400-W Silver, 42","BK-M38S-42",-1,-1,"Silver",100,75,419.7784,769.4900,"42","CM ","LB ",27.13,4,"M ","M ","W ",1,22,"05/30/23 00:00:00",,,"{4EA4FE06-AAEA-42D4-A9D969F6A9A4A042}","02/08/24 10:01:37",1
983,"Mountain-400-W Silver, 46","BK-M38S-46",-1,-1,"Silver",100,75,419.7784,769.4900,"46","CM ","LB ",27.42,4,"M ","M ","W ",1,22,"05/30/23 00:00:00",,,"{0B0C8EE4-FF2D-438E-9CAC464783B86191}","02/08/24 10:01:37",1
984,"Mountain-500 Silver, 40","BK-M18S-40",-1,-1,"Silver",100,75,308.2179,564.9900,"40","CM ","LB ",27.35,4,"M ","L ","U ",1,23,"05/30/23 00:00:00",,,"{B96C057B-6416-4851-8D59BCB37C8E6E51}","02/08/24 10:01:37",1
985,"Mountain-500 Silver, 42","BK-M18S-42",-1,-1,"Silver",100,75,308.2179,564.9900,"42","CM ","LB ",27.77,4,"M ","L ","U ",1,23,"05/30/23 00:00:00",,,"{B8D1B5D9-8A39-4097-A04A56E95559B534}","02/08/24 10:01:37",1
986,"Mountain-500 Silver, 44","BK-M18S-44",-1,-1,"Silver",100,75,308.2179,564.9900,"44","CM ","LB ",28.13,4,"M ","L ","U ",1,23,"05/30/23 00:00:00",,,"{E8CEC794-E8E2-4312-96A74832E573D3FC}","02/08/24 10:01:37",1
987,"Mountain-500 Silver, 48","BK-M18S-48",-1,-1,"Silver",100,75,308.2179,564.9900,"48","CM ","LB ",28.42,4,"M ","L ","U ",1,23,"05/30/23 00:00:00",,,"{77EF419F-481F-40B9-BDB97E6678E550E3}","02/08/24 10:01:37",1
988,"Mountain-500 Silver, 52","BK-M18S-52",-1,-1,"Silver",100,75,308.2179,564.9900,"52","CM ","LB ",28.68,4,"M ","L ","U ",1,23,"05/30/23 00:00:00",,,"{CAD60945-183E-4AB3-A70C3F5BAC6BF134}","02/08/24 10:01:37",1
989,"Mountain-500 Black, 40","BK-M18B-40",-1,-1,"Black",100,75,294.5797,539.9900,"40","CM ","LB ",27.35,4,"M ","L ","U ",1,23,"05/30/23 00:00:00",,,"{28287157-3F06-487B-8531BEE8A37329E4}","02/08/24 10:01:37",1
990,"Mountain-500 Black, 42","BK-M18B-42",-1,-1,"Black",100,75,294.5797,539.9900,"42","CM ","LB ",27.77,4,"M ","L ","U ",1,23,"05/30/23 00:00:00",,,"{F5752C9C-56BA-41A7-83FD139DA28C15FA}","02/08/24 10:01:37",1
991,"Mountain-500 Black, 44","BK-M18B-44",-1,-1,"Black",100,75,294.5797,539.9900,"44","CM ","LB ",28.13,4,"M ","L ","U ",1,23,"05/30/23 00:00:00",,,"{C7852127-2FB8-4959-B5A3DE5A8D6445E4}","02/08/24 10:01:37",1
992,"Mountain-500 Black, 48","BK-M18B-48",-1,-1,"Black",100,75,294.5797,539.9900,"48","CM ","LB ",28.42,4,"M ","L ","U ",1,23,"05/30/23 00:00:00",,,"{75752E26-A3B6-4264-9B06F23A4FBDC5A7}","02/08/24 10:01:37",1
993,"Mountain-500 Black, 52","BK-M18B-52",-1,-1,"Black",100,75,294.5797,539.9900,"52","CM ","LB ",28.68,4,"M ","L ","U ",1,23,"05/30/23 00:00:00",,,"{69EE3B55-E142-4E4F-AED8AF02978FBE87}","02/08/24 10:01:37",1
994,"LL Bottom Bracket","BB-7421",-1,-1,,500,375,23.9716,53.9900,,,"G  ",223.00,1,,"L ",,5,95,"05/30/23 00:00:00",,,"{FA3C65CD-0A22-47E3-BDF653F1DC138C43}","02/08/24 10:01:37",2
995,"ML Bottom Bracket","BB-8107",-1,-1,,500,375,44.9506,101.2400,,,"G  ",168.00,1,,"M ",,5,96,"05/30/23 00:00:00",,,"{71AB847F-D091-42D6-B7357B0C2D82FC84}","02/08/24 10:01:37",2
996,"HL Bottom Bracket","BB-9108",-1,-1,,500,375,53.9416,121.4900,,,"G  ",170.00,1,,"H ",,5,97,"05/30/23 00:00:00",,,"{230C47C5-08B2-4CE3-B70669C0BDD62965}","02/08/24 10:01:37",2
997,"Road-750 Black, 44","BK-R19B-44",-1,-1,"Black",100,75,343.6496,539.9900,"44","CM ","LB ",19.77,4,"R ","L ","U ",2,31,"05/30/23 00:00:00",,,"{44CE4802-409F-43AB-9B27CA53421805BE}","02/08/24 10:01:37",1
998,"Road-750 Black, 48","BK-R19B-48",-1,-1,"Black",100,75,343.6496,539.9900,"48","CM ","LB ",20.13,4,"R ","L ","U ",2,31,"05/30/23 00:00:00",,,"{3DE9A212-1D49-40B6-B10AF564D981DBDE}","02/08/24 10:01:37",1
999,"Road-750 Black, 52","BK-R19B-52",-1,-1,"Black",100,75,343.6496,539.9900,"52","CM ","LB ",20.42,4,"R ","L ","U ",2,31,"05/30/23 00:00:00",,,"{AE638923-2B67-4679-B90EABBAB17DCA31}","02/08/24 10:01:37",1
